qid,set,kind,field,question,gold_answer,arm,model_answer,correct,route,latency_ms,cost_usd
lo0000,single,lookup,date,When was the MR. D.I.Y. (M) SDN BHD receipt for 6.20 issued?,23/03/2018,A · dense RAG (MiniLM),NOT_FOUND,False,,831,0.0
lo0001,single,lookup,address,What is the address on the SANYU STATIONERY SHOP receipt from 24 October 2017?,"NO. 31G&33G, JALAN SETIA INDAH X ,U13/X 40170 SETIA ALAM",A · dense RAG (MiniLM),NOT_FOUND,False,,359,0.0
lo0002,single,lookup,total,How much was the receipt from GERBANG ALAF RESTAURANTS SDN BHD on 24 June 2018?,7.35,A · dense RAG (MiniLM),7.35,True,,336,0.0
lo0003,single,lookup,total,How much was the receipt from ALI BABA INTERNATIONAL SDN BHD on 19 February 2018?,23.80,A · dense RAG (MiniLM),NOT_FOUND,False,,292,0.0
lo0004,single,lookup,address,What is the address on the GARDENIA BAKERIES (KL) SDN BHD receipt from 07 August 2017?,"LOT 3, JALAN PELABUR 23/1, 40300 SHAH ALAM, SELANGOR.",A · dense RAG (MiniLM),NOT_FOUND,False,,443,0.0
lo0005,single,lookup,total,How much was the receipt from MR. D.I.Y. (KUCHAI) SDN BHD on 10 January 2016?,8.10,A · dense RAG (MiniLM),NOT_FOUND,False,,291,0.0
lo0006,single,lookup,address,What is the address on the KOREAN DINE SDN BHD receipt from 19 June 2018?,"NO 4, JALAN PERMAS 10/5. BANDAR BARU PERMAS JAYA, 81750 JOHOR BAHRU, JOHOR.",A · dense RAG (MiniLM),"No 4, Jalan Permas 10/5.
Bandar Baru Permas Jaya,
81750 Johor Bahru, Johor.",True,,775,0.0
lo0007,single,lookup,address,What is the address on the UNIHAKKA INTERNATIONAL SDN BHD receipt from 25 March 2018?,"12, JALAN TAMPOI 7/4,KAWASAN PERINDUSTRIAN TAMPOI,81200 JOHOR BAHRU,JOHOR",A · dense RAG (MiniLM),NOT_FOUND,False,,267,0.0
lo0008,single,lookup,total,How much was the receipt from MEI LET RESTAURANT on 12 January 2017?,59.35,A · dense RAG (MiniLM),NOT_FOUND,False,,357,0.0
lo0009,single,lookup,total,How much was the receipt from RESTORAN WAN SHENG on 05 May 2018?,7.60,A · dense RAG (MiniLM),NOT_FOUND,False,,307,0.0
lo0010,single,lookup,total,How much was the receipt from AEON CO. (M) BHD on 11 May 2018?,458.55,A · dense RAG (MiniLM),NOT_FOUND,False,,322,0.0
lo0011,single,lookup,total,How much was the receipt from YHM MID VALLEY on 15 December 2017?,21.60,A · dense RAG (MiniLM),21.60,True,,334,0.0
lo0012,single,lookup,address,What is the address on the GUARDIAN HEALTH AND BEAUTY SDN BHD receipt from 09 March 2018?,"G31 & G32, GRD FLR, IOI MALL BANDAR PUCHONG JAYA",A · dense RAG (MiniLM),"631 & G32, Grd Flr, 101 Mall",False,,533,0.0
lo0013,single,lookup,total,How much was the receipt from MR. D. I. Y. (KUCHAI) SDN BHD on 19 March 2018?,11.90,A · dense RAG (MiniLM),NOT_FOUND,False,,305,0.0
lo0014,single,lookup,total,How much was the receipt from TED HENG STATIONERY & BOOKS on 27 January 2018?,27.35,A · dense RAG (MiniLM),NOT_FOUND,False,,321,0.0
lo0015,single,lookup,total,How much was the receipt from YIN MA (M) SDN.BHD. on 19 July 2016?,14.50,A · dense RAG (MiniLM),NOT_FOUND,False,,294,0.0
lo0016,single,lookup,address,What is the address on the UNIHAKKA INTERNATIONAL SDN BHD receipt from 21 May 2018?,"2, JALAN TAMPOI 7/4,KAWASAN PERINDUSTRIAN TAMPOI,81200 JOHOR BAHRU,JOHOR",A · dense RAG (MiniLM),NOT_FOUND,False,,268,0.0
lo0017,single,lookup,address,What is the address on the GARDENIA BAKERIES (KL) SDN BHD receipt from 12 September 2017?,"LOT 3, JALAN PELABUR 23/1, 40300 SHAH ALAM, SELANGOR.",A · dense RAG (MiniLM),"Lot 3, Jalan Pelabur 23/1,
40300 Shah Alam, Selangor.",True,,801,0.0
lo0018,single,lookup,address,What is the address on the KOH SENG HARDWARE receipt from 04 December 2017?,"NO. 939, BATU LIMA, JALAN IPOH, 51200 KUALA LUMPUR.",A · dense RAG (MiniLM),"NO. 939, BATU LIMA, JALAN IPOH, 51200 KUALA LUMPUR",True,,691,0.0
lo0019,single,lookup,date,When was the BENS INDEPENDENT GROCER SDN. BHD receipt for 133.70 issued?,09/03/2018,A · dense RAG (MiniLM),NOT_FOUND,False,,268,0.0
lo0020,single,lookup,total,How much was the receipt from KEDA PAPAN YEW CHJAN on 08 March 2018?,312.70,A · dense RAG (MiniLM),135.68,False,,416,0.0
lo0021,single,lookup,total,How much was the receipt from MR. D.I.Y. (KUCHAI) SDN BHD on 11 January 2016?,7.00,A · dense RAG (MiniLM),NOT_FOUND,False,,268,0.0
lo0022,single,lookup,date,When was the DREAM ARTS receipt for 15.00 issued?,29/03/2018,A · dense RAG (MiniLM),29/03/2018,True,,475,0.0
lo0023,single,lookup,date,When was the SWC ENTERPRISE SDN BHD receipt for 4.00 issued?,06/03/2018,A · dense RAG (MiniLM),06/03/2018,True,,381,0.0
lo0024,single,lookup,date,When was the SUPER TERMINAL SDN BHD receipt for 132.50 issued?,20/01/2018,A · dense RAG (MiniLM),NOT_FOUND,False,,308,0.0
lo0025,single,lookup,date,When was the SYARIKAT PERNIAGAAN GIN KEE receipt for 11.13 issued?,15/01/2018,A · dense RAG (MiniLM),NOT_FOUND,False,,320,0.0
lo0026,single,lookup,address,What is the address on the GARDENIA BAKERIES (KL) SDN BHD receipt from 16 October 2017?,"LOT 3, JALAN PELABUR 23/1, 40300 SHAH ALAM, SELANGOR.",A · dense RAG (MiniLM),NOT_FOUND,False,,444,0.0
lo0027,single,lookup,total,How much was the receipt from SYARIKAT PERNIAGAAN GIN KEE on 30 December 2017?,89.04,A · dense RAG (MiniLM),89.04,True,,383,0.0
lo0028,single,lookup,address,What is the address on the BHPETROL PERMAS JAYA 2 receipt from 08 May 2018?,"LOT PTD 101051 JALAN PERMAS 10/10 81750 MASAI, JOHOR",A · dense RAG (MiniLM),"Jalan Permas 10/10
81750 Masai, Johor",True,,562,0.0
lo0029,single,lookup,total,How much was the receipt from B & BEST RESTAURANT on 19 April 2017?,14.85,A · dense RAG (MiniLM),14.85,True,,363,0.0
lo0030,single,lookup,date,When was the UNIHAKKA INTERNATIONAL SDN BHD receipt for 8.90 issued?,14/04/2018,A · dense RAG (MiniLM),NOT_FOUND,False,,268,0.0
lo0031,single,lookup,total,How much was the receipt from KEDAI BUKU NEW ACHEIVERS on 15 September 2017?,48.00,A · dense RAG (MiniLM),48.00,True,,416,0.0
lo0032,single,lookup,total,How much was the receipt from HENG KEE DELIGHTS BAK KUT TEH. on 04 January 2018?,42.00,A · dense RAG (MiniLM),42.00,True,,364,0.0
lo0033,single,lookup,address,What is the address on the 99 SPEED MART S/B receipt from 26 March 2018?,"LOT P.T. 2811, JALAN ANGSA, TAMAN BERKELEY 41150 KLANG, SELANGOR 1330 JLN KENANGA",A · dense RAG (MiniLM),NOT_FOUND,False,,267,0.0
lo0034,single,lookup,total,How much was the receipt from UNIHAKKA INTERNATIONAL SDN BHD on 06 April 2018?,7.60,A · dense RAG (MiniLM),NOT_FOUND,False,,294,0.0
lo0035,single,lookup,date,When was the GERBANG ALAF RESTAURANTS SDN BHD receipt for 19.00 issued?,30/05/2018,A · dense RAG (MiniLM),30/05/2018,True,,408,0.0
lo0036,single,lookup,total,How much was the receipt from AEON CO. (M) BHD on 21 March 2018?,65.10,A · dense RAG (MiniLM),65.10,True,,365,0.0
lo0037,single,lookup,date,When was the PERNIAGAAN ZHENG HUI receipt for 436.20 issued?,09/02/2018,A · dense RAG (MiniLM),NOT_FOUND,False,,294,0.0
lo0038,single,lookup,address,What is the address on the FIVE STAR CASH & CARRY receipt from 05 January 2017?,"G.23 & G.22, PLAZA SERI SETIA, NO.1 JALAN SS 9/1, 47300 PJ, SELANGOR.",A · dense RAG (MiniLM),NOT_FOUND,False,,294,0.0
lo0039,single,lookup,address,What is the address on the GARDENIA BAKERIES (KL) SDN BHD receipt from 26 September 2017?,"LOT 3, JALAN PELABUR 23/1, 40300 SHAH ALAM, SELANGOR.",A · dense RAG (MiniLM),"Lot 3, Jalan Pelabur 23/1,
40300 Shah Alam, Selangor.",True,,805,0.0
lo0040,single,lookup,total,How much was the receipt from BOOK TALK (MUTIARA RINI) SDN BHD on 21 June 2018?,9.30,A · dense RAG (MiniLM),9.30,True,,323,0.0
lo0041,single,lookup,total,How much was the receipt from UNIHAKKA INTERNATIONAL SDN BHD on 05 April 2018?,6.90,A · dense RAG (MiniLM),NOT_FOUND,False,,294,0.0
lo0042,single,lookup,address,What is the address on the ANEKA INTERTRADE MARKETING SDN BHD receipt from 19 June 2017?,"150B, JALAN TUDM,KG BARU SUBANG 40150 SHAH ALAM, SELANGOR DARUL EHSAN, MALAYSIA.",A · dense RAG (MiniLM),"150B, JALAN TUDM, KG BARU SUBANG, 40150 SHAH ALAM, SELANGOR DARUL EHSAN, MALAYSIA",True,,863,0.0
lo0043,single,lookup,total,How much was the receipt from KEDAI UBAT & RUNCIT HONG NING SDN. BHD. on 21 December 2016?,8.00,A · dense RAG (MiniLM),29.10,False,,364,0.0
lo0044,single,lookup,address,What is the address on the 99 SPEED MART S/B receipt from 19 October 2016?,"LOT P.T. 33198, BATU 4 JALAN KAPAR, MUKIM KAPAR 42100 KLANG, SELANGOR 1558-TMN PUSAT KEPONG",A · dense RAG (MiniLM),"LOT P.T. 33198, BATU 4
JALAN KAPAR, MUKIM KAPAR
42100 KLANG, SELANGOR",True,,823,0.0
lo0045,single,lookup,total,How much was the receipt from SANYU STATIONERY SHOP on 24 September 2017?,8.70,A · dense RAG (MiniLM),8.70,True,,388,0.0
lo0046,single,lookup,total,How much was the receipt from VIVOPAC MARKETING SDN BHD on 13 September 2017?,52.45,A · dense RAG (MiniLM),52.45,True,,383,0.0
lo0047,single,lookup,total,How much was the receipt from RESTORAN WAN SHENG on 21 March 2018?,4.80,A · dense RAG (MiniLM),NOT_FOUND,False,,320,0.0
lo0048,single,lookup,address,What is the address on the UNIHAKKA INTERNATIONAL SDN BHD receipt from 13 June 2018?,"12, JALAN TAMPOI 7/4,KAWASAN PERINDUSTRIAN TAMPOI,81200 JOHOR BAHRU, JOHOR",A · dense RAG (MiniLM),NOT_FOUND,False,,268,0.0
lo0049,single,lookup,address,What is the address on the SEN LEE HEONG RESTAURANT receipt from 12 January 2018?,"G-0-1 ,M.AVENUE NO.1 ,JLN 1/38A, SEGAMBUT BAHAGIA,51200, K.LUMPUL",A · dense RAG (MiniLM),"G-O-1,M.AVENUE NO.1,JLN 1/38A, SEGAMBUT BAHAGIA, 51200, K. LUMPUL",False,,864,0.0
lo0050,single,lookup,total,How much was the receipt from 99 SPEED MART S/B on 31 March 2018?,4.00,A · dense RAG (MiniLM),NOT_FOUND,False,,266,0.0
lo0051,single,lookup,address,What is the address on the THE TOAST F&B SDN BHD receipt from 19 May 2018?,"LOT 2110&2111 JALAN PERMAS UTARA BANDAR BARU PERMAS 81750,JOHOR BAHRU JOHOR",A · dense RAG (MiniLM),NOT_FOUND,False,,291,0.0
lo0052,single,lookup,address,What is the address on the 118 MJ MOOKATA HOUSE receipt from 11 June 2018?,"NO.7G,JALAN PERMAS 11, BANDAR BARU PERMAS JAYA, 81750 MASAI, JOHOR.",A · dense RAG (MiniLM),NOT_FOUND,False,,292,0.0
lo0053,single,lookup,total,How much was the receipt from PETRON BKT LANJAN SB on 01 February 2018?,4.90,A · dense RAG (MiniLM),NOT_FOUND,False,,340,0.0
lo0054,single,lookup,date,When was the UNIPHARM PHARMACY receipt for 24.90 issued?,05/04/2018,A · dense RAG (MiniLM),05/Apr/2018,False,,502,0.0
lo0055,single,lookup,total,How much was the receipt from KEDAI PAPAN YEW CHUAN on 12 March 2018?,283.55,A · dense RAG (MiniLM),NOT_FOUND,False,,374,0.0
lo0056,single,lookup,address,What is the address on the AEON CO. (M) BHD receipt from 12 April 2018?,"3RD FLR, AEON TAMAN MALURI SC JLN JEJAKA, TAMAN MALURI CHERAS, 55100 KUALA LUMPUR",A · dense RAG (MiniLM),NOT_FOUND,False,,269,0.0
lo0057,single,lookup,total,How much was the receipt from BEMED (SP) SDN. BHD. on 01 April 2017?,165.00,A · dense RAG (MiniLM),NOT_FOUND,False,,269,0.0
lo0058,single,lookup,address,What is the address on the GERBANG ALAF RESTAURANTS SDN BHD receipt from 26 May 2018?,"LEVEL 6, BANGUNAN TH, DAMANSARA UPTOWN3 NO.3, JALAN SS21/39,47400 PETALING JAYA SELANGOR",A · dense RAG (MiniLM),NOT_FOUND,False,,306,0.0
lo0059,single,lookup,date,When was the OLIVE9 PHARMACY SDN BHD receipt for 12.15 issued?,31/03/2017,A · dense RAG (MiniLM),31/03/2017,True,,452,0.0
lo0060,single,lookup,address,What is the address on the CPI ROCKU SDN. BHD. receipt from 19 February 2018?,"LOT F355/356/357, FIRST FLOOR, RAINFOREST, 1 UTAMA SHOPPING CENTRE, LEBUH BANDAR UTAMA, 47800 PETALING JAYA",A · dense RAG (MiniLM),NOT_FOUND,False,,293,0.0
lo0061,single,lookup,total,How much was the receipt from TRIPLE SIX POINT ENTERPRISE 666 on 22 March 2018?,22.60,A · dense RAG (MiniLM),NOT_FOUND,False,,267,0.0
lo0062,single,lookup,address,What is the address on the RESTAURANT JIAWEI JIAWEI HOUSE receipt from 23 February 2018?,"13, JLN TASIK UTAMA 8 MEDAN NIAGA DAMAI SG BESI",A · dense RAG (MiniLM),"13, JLN TASIK UTAMA 8
MEDAN NIAGA DAMAI SG BESI
57000 KL",True,,738,0.0
lo0063,single,lookup,date,When was the MR. D.I.Y. (M) SDN BHD receipt for 59.20 issued?,10/01/2016,A · dense RAG (MiniLM),NOT_FOUND,False,,268,0.0
lo0064,single,lookup,total,How much was the receipt from PAPPARICH BMC on 29 June 2018?,46.90,A · dense RAG (MiniLM),NOT_FOUND,False,,268,0.0
lo0065,single,lookup,total,How much was the receipt from SUPER SEVEN CASH & CARRY SDN BHD on 01 February 2018?,42.10,A · dense RAG (MiniLM),NOT_FOUND,False,,322,0.0
lo0066,single,lookup,total,How much was the receipt from GARDENIA BAKERIES (KL) SDN BHD on 23 July 2017?,26.58,A · dense RAG (MiniLM),NOT_FOUND,False,,441,0.0
lo0067,single,lookup,total,How much was the receipt from 99 SPEED MART S/B on 07 February 2017?,37.45,A · dense RAG (MiniLM),37.45,True,,310,0.0
lo0068,single,lookup,address,What is the address on the ECONSAVE CASH & CARRY (FC) S/B receipt from 22 March 2018?,"LOT GO1, KL FESTIVAL CITY, NO. 67 JIN IBU KOTA TMN DANAU KOTA, KL",A · dense RAG (MiniLM),NOT_FOUND,False,,307,0.0
lo0069,single,lookup,total,How much was the receipt from YONG TAT HARDWARE TRADING on 13 March 2018?,72.00,A · dense RAG (MiniLM),NOT_FOUND,False,,308,0.0
lo0070,single,lookup,total,How much was the receipt from MUN HENG ELECTRICAL & HARDWARE SUPPLY on 01 February 2018?,7.00,A · dense RAG (MiniLM),7.00,True,,298,0.0
lo0071,single,lookup,date,When was the MR. D.I.Y. (KUCHAI) SDN BHD receipt for 26.40 issued?,01/02/2016,A · dense RAG (MiniLM),NOT_FOUND,False,,268,0.0
lo0072,single,lookup,total,How much was the receipt from BECON ENTERPRISE SDN BHD on 13 November 2017?,270.10,A · dense RAG (MiniLM),NOT_FOUND,False,,269,0.0
lo0073,single,lookup,date,When was the BENS INDEPENDENT GROCER SDN. BHD receipt for 81.00 issued?,08/03/2018,A · dense RAG (MiniLM),NOT_FOUND,False,,269,0.0
lo0074,single,lookup,total,How much was the receipt from SEGI CASH & CARRY SDN.BHD on 06 February 2017?,27.00,A · dense RAG (MiniLM),NOT_FOUND,False,,306,0.0
lo0075,single,lookup,date,When was the 99 SPEED MART S/B receipt for 98.90 issued?,28/01/2018,A · dense RAG (MiniLM),NOT_FOUND,False,,268,0.0
lo0076,single,lookup,total,How much was the receipt from PASARAYA BORONG PINTAR SDN BHD on 09 March 2018?,10.40,A · dense RAG (MiniLM),NOT_FOUND,False,,306,0.0
lo0077,single,lookup,address,What is the address on the GERBANG ALAF RESTAURANTS SDN BHD receipt from 27 April 2018?,"LEVEL 6, BANGUNAN TH, DAMANSARA UPTOWN3 NO.3, JALAN SS21/39, 47400 PETALING JAYA SELANGOR",A · dense RAG (MiniLM),NOT_FOUND,False,,306,0.0
lo0078,single,lookup,total,How much was the receipt from BEMED (SP) SDN. BHD. on 20 January 2017?,203.00,A · dense RAG (MiniLM),165.00,False,,326,0.0
lo0079,single,lookup,total,How much was the receipt from ROYALTEA on 09 May 2018?,10.90,A · dense RAG (MiniLM),NOT_FOUND,False,,293,0.0
lo0080,single,lookup,date,When was the SYARIKAT PERNIAGAAN GIN KEE receipt for 190.80 issued?,25/01/2018,A · dense RAG (MiniLM),NOT_FOUND,False,,339,0.0
lo0081,single,lookup,total,How much was the receipt from PELITA SAMUDRA PERTAMA (M) SDN BHD. on 03 June 2018?,61.70,A · dense RAG (MiniLM),NOT_FOUND,False,,323,0.0
lo0082,single,lookup,total,How much was the receipt from GARDENIA BAKERIES (KL) SDN BHD on 31 August 2017?,1.52,A · dense RAG (MiniLM),1.52,True,,404,0.0
lo0083,single,lookup,date,When was the KEDAI UBAT & RUNCIT HONG NING SDN. BHD. receipt for 676.00 issued?,02/02/2016,A · dense RAG (MiniLM),NOT_FOUND,False,,338,0.0
lo0084,single,lookup,total,How much was the receipt from SANYU STATIONERY SHOP on 16 December 2017?,8.70,A · dense RAG (MiniLM),NOT_FOUND,False,,359,0.0
lo0085,single,lookup,address,What is the address on the SUPER NINETY NINE SDN.BHD. receipt from 31 May 2018?,"NO.3343, GROUND FLOOR, JALAN 18/32, TAMAN SRI SERDANG, 43300 SERI KEMBANGAN,",A · dense RAG (MiniLM),NOT_FOUND,False,,321,0.0
lo0086,single,lookup,total,How much was the receipt from THONG RECIPE on 27 June 2018?,58.70,A · dense RAG (MiniLM),58.70,True,,381,0.0
lo0087,single,lookup,total,How much was the receipt from YHM AEON TEBRAU CITY on 11 March 2018?,49.70,A · dense RAG (MiniLM),NOT_FOUND,False,,293,0.0
lo0088,single,lookup,address,What is the address on the HON HWA HARDWARE TRADING receipt from 11 February 2017?,"NO 37, JALAN MANIS 7, TAMAN SEGAR, 56100 CHERAS, KUALA LUMPUR.",A · dense RAG (MiniLM),"NO 37, JALAN MANIS 7. TAMAN SEGAR, 56100 CHERAS, KUALA LUMPUR.",True,,789,0.0
lo0089,single,lookup,date,When was the UNIHAKKA INTERNATIONAL SDN BHD receipt for 7.80 issued?,11/05/2018,A · dense RAG (MiniLM),NOT_FOUND,False,,268,0.0
lo0090,single,lookup,total,How much was the receipt from BEMED (SP) SDN BHD. on 27 March 2018?,308.70,A · dense RAG (MiniLM),NOT_FOUND,False,,269,0.0
lo0091,single,lookup,address,What is the address on the SKL DAMANSARA ENTERPRISE receipt from 28 July 2017?,"69G, JALAN SS21/60, DAMANSARA UTAMA, 47400 PETALING JAYA, SELANGOR.",A · dense RAG (MiniLM),NOT_FOUND,False,,268,0.0
lo0092,single,lookup,date,When was the GARDENIA BAKERIES (KL) SDN BHD receipt for 55.14 issued?,20/08/2017,A · dense RAG (MiniLM),NOT_FOUND,False,,417,0.0
lo0093,single,lookup,address,What is the address on the SANYU STATIONERY SHOP receipt from 23 November 2017?,"NO. 31G&33G, JALAN SETIA INDAH X ,U13/X 40170 SETIA ALAM",A · dense RAG (MiniLM),NOT_FOUND,False,,360,0.0
lo0094,single,lookup,total,How much was the receipt from SIN LIANHAP SDN BHD on 05 February 2018?,7.30,A · dense RAG (MiniLM),7.30,True,,367,0.0
lo0095,single,lookup,address,What is the address on the EXQUISITE GARDEN SDN BHD receipt from 03 June 2018?,"LOT NO R134,GIANT HYPERMARKET PLENTONG NO3, JALAN MASAI LAMA 81750 MASAI. JAHOR BAHRU",A · dense RAG (MiniLM),NOT_FOUND,False,,292,0.0
lo0096,single,lookup,total,How much was the receipt from MY MYDIN SDN BHD on 15 January 2018?,5.50,A · dense RAG (MiniLM),5.50,True,,340,0.0
lo0097,single,lookup,address,What is the address on the RESTORAN WAN SHENG receipt from 17 March 2018?,"NO.2, JALAN TEMENGGUNG 19/9, SEKSYEN 9, BANDAR MAHKOTA CHERAS, 43200 CHERAS, SELANGOR",A · dense RAG (MiniLM),NOT_FOUND,False,,269,0.0
lo0098,single,lookup,address,What is the address on the KOH SENG HARDWARE receipt from 01 February 2018?,"NO. 939, BATU LIMA, JALAN IPOH, 51200 KUALA LUMPUR.",A · dense RAG (MiniLM),"NO. 939, BATU LIMA, JALAN IPOH, 51200 KUALA LUMPUR",True,,666,0.0
lo0099,single,lookup,address,What is the address on the GARDENIA BAKERIES (KL) SDN BHD receipt from 11 October 2017?,"LOT 3, JALAN PELABUR 23/1, 40300 SHAH ALAM, SELANGOR.",A · dense RAG (MiniLM),NOT_FOUND,False,,444,0.0
lo0100,single,lookup,address,What is the address on the YIN MA (M) SDN.BHD. receipt from 31 January 2016?,"NO.2, JALAN UDANG SIAR 2, TAMAN SRI SEGAMBUT, 52000 KUALA LUMPUR.",A · dense RAG (MiniLM),NOT_FOUND,False,,269,0.0
lo0101,single,lookup,address,What is the address on the UROKO JAPANESE CUISINE SDN BHD receipt from 20 March 2018?,"22A-1, JALAN 17/54, SECTION 17, 46400 PETALING JAYA, SELANGOR.",A · dense RAG (MiniLM),"22A-1, JALAN 17/54, SECTION 17, 46400 PETALING JAYA, SELANGOR.",True,,919,0.0
lo0102,single,lookup,address,What is the address on the SWC ENTERPRISE SDN BHD receipt from 02 January 2018?,"8 & 10, JALAN IJOK PERMAI 1, PUSAT NIAGA IJOK PERMAI, 48000 IJOK, SELANGOR.",A · dense RAG (MiniLM),"8 & 10, Jalan Ijok Permai 1, Pusat Niaga Ijok Permai, 48000 Ijok, Selangor.",True,,810,0.0
lo0103,single,lookup,address,What is the address on the VIVOPAC MARKETING SDN BHD receipt from 17 January 2017?,14 JALAN MANIS 4 TAMAN SEGAR 56100 KL,A · dense RAG (MiniLM),14 JALAN MANIS 4 TAMAN SEGAR 56100 KL,True,,614,0.0
lo0104,single,lookup,total,How much was the receipt from GERBANG ALAF RESTAURANTS SDN BHD on 18 January 2018?,38.90,A · dense RAG (MiniLM),NOT_FOUND,False,,308,0.0
lo0105,single,lookup,address,What is the address on the MOONLIGHT CAKE HOUSE SDN BHD receipt from 07 June 2018?,"NO.1, JALAN PERMAS 10/5, BANDAR BARU PERMAS JAYA 81750 JOHOR BAHRU, JOHOR.",A · dense RAG (MiniLM),"No.1, Jalan Permas 10/5, Bandar Baru Permas Jaya
81750 Johor Bahru, Johor",True,,871,0.0
lo0106,single,lookup,address,What is the address on the DEWINA HOST SDN BHD receipt from 27 March 2018?,"LOT SATMZ 23, MEZZANINE LEVEL SATELLITE BUILDING KUALA LUMPUR INTERNATIONAL AIRPORT",A · dense RAG (MiniLM),"Lot SATMZ 23, Mezzanine Level
Satellite Building
Kuala Lumpur International Airport",True,,540,0.0
lo0107,single,lookup,total,How much was the receipt from GARDENIA BAKERIES (KL) SDN BHD on 02 September 2017?,48.57,A · dense RAG (MiniLM),NOT_FOUND,False,,441,0.0
lo0108,single,lookup,total,How much was the receipt from POPULAR BOOK CO. (M) SDN BHD on 20 August 2017?,5.05,A · dense RAG (MiniLM),NOT_FOUND,False,,322,0.0
lo0109,single,lookup,address,What is the address on the MR. D.I.Y. (M) SDN BHD receipt from 06 May 2016?,"LOT 1851-A & 1851-B, JALAN KPB 6, KAWASAN PERINDUSTRIAN BALAKONG, 43300 SERI KEMBANGAN, SELANGOR",A · dense RAG (MiniLM),NOT_FOUND,False,,269,0.0
lo0110,single,lookup,date,When was the UNIHAKKA INTERNATIONAL SDN BHD receipt for 6.60 issued?,20/03/2018,A · dense RAG (MiniLM),NOT_FOUND,False,,268,0.0
lo0111,single,lookup,total,How much was the receipt from PASAR MINI JIN SENG on 03 March 2018?,33.80,A · dense RAG (MiniLM),NOT_FOUND,False,,320,0.0
lo0112,single,lookup,total,How much was the receipt from MR. D.I.Y. (M) SDN BHD on 22 April 2018?,27.20,A · dense RAG (MiniLM),NOT_FOUND,False,,268,0.0
lo0113,single,lookup,date,When was the MODERN DEPOT SDN BHD receipt for 150.00 issued?,04/12/2016,A · dense RAG (MiniLM),04/12/2016,True,,407,0.0
lo0114,single,lookup,total,How much was the receipt from TEO HENG STATIONERY & BOOKS on 15 March 2018?,127.20,A · dense RAG (MiniLM),NOT_FOUND,False,,373,0.0
lo0115,single,lookup,address,What is the address on the CROSS CHANNEL NETWORK SDN. BHD. receipt from 29 January 2018?,"47, JALAN MERANTI 1, SEK. 3, BANDAR UTAMA BATANG KALI, 44300 BATANG KALI, SELANGOR.",A · dense RAG (MiniLM),"47, JALAN MERANTI 1, SEK. 3, BANDAR UTAMA BATANG KALI, 44300 BATANG KALI, SELANGOR.",True,,889,0.0
lo0116,single,lookup,address,What is the address on the MR. D.I.Y. (M) SDN BHD receipt from 21 March 2018?,"LOT 1851-A & 1851-B, JALAN KPB 6, KAWASAN PERINDUSTRIAN BALAKONG, 43300 SERI KEMBANGAN, SELANGOR",A · dense RAG (MiniLM),NOT_FOUND,False,,269,0.0
lo0117,single,lookup,total,How much was the receipt from UNIHAKKA INTERNATIONAL SDN BHD on 07 March 2018?,8.20,A · dense RAG (MiniLM),NOT_FOUND,False,,293,0.0
lo0118,single,lookup,address,What is the address on the NSK TRADE CITY-SELAYANG receipt from 27 October 2017?,LOT 4674 & 4675 SELAYANG BATU 8 JALAN IPOH 68100 BATU CAVES,A · dense RAG (MiniLM),"LOT 4674 & 4675 SELAYANG BATU 8
JALAN IPOH 68100 BATU CAVES",True,,795,0.0
lo0119,single,lookup,address,What is the address on the KEDAI UBAT & RUNCIT HONG NING SDN. BHD. receipt from 24 December 2016?,"NO.8,JALAN LANG KUNING, KEPONG BARU, 52100 KUALA LUMPUR",A · dense RAG (MiniLM),NOT_FOUND,False,,307,0.0
lo0120,single,lookup,total,How much was the receipt from UNIHAKKA INTERNATIONAL SDN BHD on 04 May 2018?,6.60,A · dense RAG (MiniLM),NOT_FOUND,False,,294,0.0
lo0121,single,lookup,total,How much was the receipt from GARDENIA BAKERIES (KL) SDN BHD on 29 August 2017?,37.90,A · dense RAG (MiniLM),NOT_FOUND,False,,416,0.0
lo0122,single,lookup,date,When was the ROYALTEA receipt for 13.10 issued?,02/06/2018,A · dense RAG (MiniLM),NOT_FOUND,False,,308,0.0
lo0123,single,lookup,address,What is the address on the GARDENIA BAKERIES (KL) SDN BHD receipt from 01 September 2017?,"LOT 3, JALAN PELABUR 23/1, 40300 SHAH ALAM, SELANGOR.",A · dense RAG (MiniLM),NOT_FOUND,False,,443,0.0
lo0124,single,lookup,address,What is the address on the SYARIKAT KAM LAI SEONG SDN BHD receipt from 08 March 2018?,"NO. 1442, JALAN SK 11/5, SERI KEMBANGAN 43300 SELANGOR",A · dense RAG (MiniLM),NOT_FOUND,False,,269,0.0
lo0125,single,lookup,address,What is the address on the KEDAI BUKU NEW ACHEIVERS receipt from 28 December 2017?,"NO. 12 & 14, JALAN JINJANG 27/54 TAMAN ALAM MEGAH, SEKSYEN 27 40400 SHAH ALAM, SELANGOR D. E.",A · dense RAG (MiniLM),"NO. 12 & 14, JALAN JINJANG 27/54 TAMAN ALAM MEGAH, SEKSYEN 27 40400 SHAH ALAM, SELANGOR D. E.",True,,1125,0.0
lo0126,single,lookup,address,What is the address on the GUARDIAN HEALTH AND BEAUTY SDN BHD receipt from 01 January 2018?,"SOLARIS MOUNT KIARA NO.8 & 10, GF SOLARIS MOUNT KUARA JLN SOLARIS 5",A · dense RAG (MiniLM),"NO.8 & 10, GF SOLARIS MOUNT KUARA JLN SOLARIS 5",True,,625,0.0
lo0127,single,lookup,address,What is the address on the FLORISM DE ART receipt from 14 January 2018?,"LOT 2.70.00,LEVEL 2, PAVILION KUALA LUMPUR, 168, JALAN BUKIT BINTANG, 55100 KUALA LUMPUR, MALAYSIA.",A · dense RAG (MiniLM),NOT_FOUND,False,,320,0.0
lo0128,single,lookup,date,When was the RESTORAN WAN SHENG receipt for 2.30 issued?,27/06/2018,A · dense RAG (MiniLM),NOT_FOUND,False,,322,0.0
lo0129,single,lookup,total,How much was the receipt from CHOP YEW LIAN on 23 March 2017?,30.00,A · dense RAG (MiniLM),30.00,True,,355,0.0
lo0130,single,lookup,total,How much was the receipt from RESTORAN WAN SHENG on 07 March 2018?,4.80,A · dense RAG (MiniLM),NOT_FOUND,False,,321,0.0
lo0131,single,lookup,total,How much was the receipt from UNIHAKKA INTERNATIONAL SDN BHD on 14 June 2018?,10.15,A · dense RAG (MiniLM),NOT_FOUND,False,,294,0.0
lo0132,single,lookup,total,How much was the receipt from MR. D.I.Y. (M) SDN BHD on 14 April 2018?,5.00,A · dense RAG (MiniLM),NOT_FOUND,False,,294,0.0
lo0133,single,lookup,total,How much was the receipt from GARDENIA BAKERIES (KL) SDN BHD on 02 October 2017?,35.58,A · dense RAG (MiniLM),NOT_FOUND,False,,417,0.0
lo0134,single,lookup,total,How much was the receipt from GRAND COMPANIONS SDN BHD on 03 March 2019?,269.40,A · dense RAG (MiniLM),NOT_FOUND,False,,306,0.0
lo0135,single,lookup,address,What is the address on the GREAT ZONE HOUSEHOLD CENTRE SDN BHD receipt from 18 February 2018?,"60 & 62. JALAN CIKU, 86000,KLUANG",A · dense RAG (MiniLM),NOT_FOUND,False,,269,0.0
lo0136,single,lookup,total,How much was the receipt from SUPER SEVEN CASH & CARRY SDN BHD on 01 March 2018?,408.45,A · dense RAG (MiniLM),NOT_FOUND,False,,322,0.0
lo0137,single,lookup,total,How much was the receipt from HIGH FIVE ENTERPRISE on 05 April 2018?,95.48,A · dense RAG (MiniLM),NOT_FOUND,False,,294,0.0
lo0138,single,lookup,address,What is the address on the MAXINCOME RESOURCES SDN BHD receipt from 10 April 2018?,"NO 16A, JALAN ASTAKA U8/83, BUKIT JELUTONG, 40150 SHAH ALAM, SELANGOR, D.E.",A · dense RAG (MiniLM),NOT_FOUND,False,,269,0.0
lo0139,single,lookup,total,How much was the receipt from GERBANG ALAF RESTAURANTS SDN BHD on 30 April 2017?,47.15,A · dense RAG (MiniLM),NOT_FOUND,False,,306,0.0
lo0140,single,lookup,address,What is the address on the 99 SPEED MART S/B receipt from 20 September 2016?,"LOT P.T. 33198, BATU 4 JALAN KAPAR, MUKIM KAPAR 42100 KLANG, SELANGOR 1558-TMN PUSAT KEPONG",A · dense RAG (MiniLM),"LOT P.T. 33198, BATU 4
JALAN KAPAR, MUKIM KAPAR
42100 KLANG, SELANGOR",True,,818,0.0
lo0141,single,lookup,address,What is the address on the PREMIO STATIONERY SDN BHD receipt from 20 March 2018?,"NO 57, JALAN SS 3/29, 47300 PETALING JAYA, SELANGOR",A · dense RAG (MiniLM),"No 57, Jalan SS 3/29, 47300 Petaling Jaya, Selangor.",True,,675,0.0
lo0142,single,lookup,total,How much was the receipt from KECHARA VEGETARIAN RESTAURANT S/B on 15 May 2018?,64.50,A · dense RAG (MiniLM),64.50,True,,400,0.0
lo0143,single,lookup,total,How much was the receipt from TS TOOLS HARDWARE & MACHINERY SDN BHD on 21 March 2018?,7.40,A · dense RAG (MiniLM),7.40,True,,351,0.0
lo0144,single,lookup,total,How much was the receipt from BEYOND BROTHERS HARDWARE on 10 November 2017?,67.85,A · dense RAG (MiniLM),67.85,True,,351,0.0
lo0145,single,lookup,date,When was the GOLDEN ARCHES RESTAURANTS SDN BHD receipt for 14.70 issued?,03/12/2016,A · dense RAG (MiniLM),03/12/2016,True,,436,0.0
lo0146,single,lookup,total,How much was the receipt from UNIHAKKA INTERNATIONAL SDN BHD on 05 June 2018?,7.50,A · dense RAG (MiniLM),NOT_FOUND,False,,292,0.0
lo0147,single,lookup,date,When was the AIK HUAT HARDWARE ENTERPRISE (SETIA ALAM) SDN BHD receipt for 28.00 issued?,22/09/2017,A · dense RAG (MiniLM),NOT_FOUND,False,,308,0.0
lo0148,single,lookup,total,How much was the receipt from 99 SPEED MART S/B on 06 December 2016?,85.45,A · dense RAG (MiniLM),NOT_FOUND,False,,268,0.0
lo0149,single,lookup,date,When was the LA STATIONERY SDN BHD receipt for 56.80 issued?,09/02/2018,A · dense RAG (MiniLM),NOT_FOUND,False,,294,0.0
lo0150,single,lookup,total,How much was the receipt from MR. D.I.Y. (M) SDN BHD on 27 April 2018?,1.90,A · dense RAG (MiniLM),NOT_FOUND,False,,269,0.0
lo0151,single,lookup,total,How much was the receipt from SANYU STATIONERY SHOP on 28 October 2017?,21.90,A · dense RAG (MiniLM),NOT_FOUND,False,,360,0.0
lo0152,single,lookup,address,What is the address on the UNIHAKKA INTERNATIONAL SDN BHD receipt from 03 May 2018?,"12, JALAN TAMPOI 7/4,KAWASAN PERINDUSTRIAN TAMPOI,81200 JOHOR BAHRU,JOHOR",A · dense RAG (MiniLM),NOT_FOUND,False,,268,0.0
lo0153,single,lookup,address,What is the address on the AEON CO. (M) BHD receipt from 09 July 2017?,"3RD FLR, AEON TAMAN MALURI SC JLN JEJAKA, TAMAN MALURI CHERAS, 55100 KUALA LUMPUR",A · dense RAG (MiniLM),NOT_FOUND,False,,269,0.0
lo0154,single,lookup,date,When was the KING'S CONFECTIONERY S/B receipt for 9.90 issued?,07/02/2017,A · dense RAG (MiniLM),07/02/17,True,,407,0.0
lo0155,single,lookup,total,How much was the receipt from KEDAI PAPAN YEW CHUAN on 10 March 2018?,84.80,A · dense RAG (MiniLM),NOT_FOUND,False,,374,0.0
lo0156,single,lookup,total,How much was the receipt from SWC ENTERPRISE SDN BHD on 08 January 2018?,8.00,A · dense RAG (MiniLM),8.00,True,,369,0.0
lo0157,single,lookup,total,How much was the receipt from GARDENIA BAKERIES (KL) SDN BHD on 27 October 2017?,35.88,A · dense RAG (MiniLM),NOT_FOUND,False,,441,0.0
lo0158,single,lookup,total,How much was the receipt from LIM SENG THO HARDWARE TRADING on 08 February 2018?,10.50,A · dense RAG (MiniLM),8.40,False,,354,0.0
lo0159,single,lookup,total,How much was the receipt from GARDENIA BAKERIES (KL) SDN BHD on 28 October 2017?,32.26,A · dense RAG (MiniLM),NOT_FOUND,False,,417,0.0
lo0160,single,lookup,date,When was the POPULAR BOOK CO. (M) SDN BHD receipt for 30.50 issued?,05/03/2018,A · dense RAG (MiniLM),NOT_FOUND,False,,293,0.0
lo0161,single,lookup,total,How much was the receipt from HON HWA HARDWARE TRADING on 21 September 2017?,10.40,A · dense RAG (MiniLM),10.40,True,,363,0.0
lo0162,single,lookup,total,How much was the receipt from THE CUT STEAKHOUSE &BURGERS on 01 January 2017?,167.55,A · dense RAG (MiniLM),167.55,True,,377,0.0
lo0163,single,lookup,total,How much was the receipt from SANYU STATIONERY SHOP on 12 September 2017?,8.70,A · dense RAG (MiniLM),8.70,True,,388,0.0
lo0164,single,lookup,total,How much was the receipt from MR. D.I.Y. (M) SDN BHD on 11 January 2016?,32.80,A · dense RAG (MiniLM),NOT_FOUND,False,,269,0.0
lo0165,single,lookup,address,What is the address on the EVERGREEN LIGHT SDN BHD receipt from 10 July 2017?,"NO.7-1, JALAN PUTERI 7/11, BANDAR PUTERI, 47100 PUCHONG, BELANGOR",A · dense RAG (MiniLM),"NO.7-1, JALAN PUTERI 7/11, BANDAR PUTERI, 47100 PUCHONG, BELANGOR",True,,802,0.0
lo0166,single,lookup,address,What is the address on the POTTERS GARDEN SDN BHD receipt from 04 January 2018?,"BATU 11 . SG BULOH , 47000 SELANGOR .",A · dense RAG (MiniLM),"Batu 11. Sg Buloh, 47000 Selangor.",True,,574,0.0
lo0167,single,lookup,total,How much was the receipt from AA PHARMACY on 29 January 2018?,46.20,A · dense RAG (MiniLM),46.20,True,,409,0.0
lo0168,single,lookup,date,When was the UNIHAKKA INTERNATIONAL SDN BHD receipt for 7.30 issued?,06/05/2018,A · dense RAG (MiniLM),NOT_FOUND,False,,268,0.0
lo0169,single,lookup,date,When was the UNIHAKKA INTERNATIONAL SDN BHD receipt for 8.20 issued?,02/05/2018,A · dense RAG (MiniLM),NOT_FOUND,False,,269,0.0
lo0170,single,lookup,address,What is the address on the KEDAI PAPAN YEW CHUAN receipt from 16 March 2018?,"LOT 276 JALAN BANTING 43800 DENGKIL, SELANGOR.",A · dense RAG (MiniLM),NOT_FOUND,False,,320,0.0
lo0171,single,lookup,date,When was the CHEF HENRY RIBS HOUSE receipt for 103.85 issued?,05/06/2018,A · dense RAG (MiniLM),05/06/2018,True,,488,0.0
lo0172,single,lookup,total,How much was the receipt from GLOBAL FOOD EMPIRE SDN BHD on 01 May 2018?,38.35,A · dense RAG (MiniLM),38.35,True,,336,0.0
lo0173,single,lookup,address,What is the address on the UNIHAKKA INTERNATIONAL SDN BHD receipt from 13 March 2018?,"12, JALAN TAMPOI 7/4,KAWASAN PERINDUSTRIAN TAMPOI,81200 JOHOR BAHRU,JOHOR",A · dense RAG (MiniLM),NOT_FOUND,False,,269,0.0
lo0174,single,lookup,address,What is the address on the GARDENIA BAKERIES (KL) SDN BHD receipt from 24 September 2017?,"LOT 3, JALAN PELABUR 23/1, 40300 SHAH ALAM, SELANGOR.",A · dense RAG (MiniLM),NOT_FOUND,False,,443,0.0
lo0175,single,lookup,total,How much was the receipt from C W KHOO HARDWARE SDN BHD on 31 March 2018?,14.65,A · dense RAG (MiniLM),NOT_FOUND,False,,359,0.0
lo0176,single,lookup,total,How much was the receipt from SYARIKAT PERNIAGAAN GIN KEE on 27 January 2018?,22.26,A · dense RAG (MiniLM),94.34,False,,384,0.0
lo0177,single,lookup,total,How much was the receipt from RESTORAN WAN SHENG on 10 March 2018?,7.20,A · dense RAG (MiniLM),NOT_FOUND,False,,307,0.0
lo0178,single,lookup,total,How much was the receipt from SUPER SEVEN CASH & CARRY SDN BHD on 21 March 2018?,18.30,A · dense RAG (MiniLM),NOT_FOUND,False,,322,0.0
lo0179,single,lookup,address,What is the address on the 99 SPEED MART S/B receipt from 10 March 2018?,"LOT P.T. 2811, JALAN ANGSA, TAMAN BERKELEY 41150 KLANG, SELANGOR 1572-TMN BKT PANDAN",A · dense RAG (MiniLM),"LOT P.T. 2811, JALAN ANGSA,
TAMAN BERKELEY
41150 KLANG, SELANGOR",True,,734,0.0
lo0180,single,lookup,total,How much was the receipt from KAISON FURNISHING SDN BHD on 25 March 2018?,18.70,A · dense RAG (MiniLM),NOT_FOUND,False,,321,0.0
lo0181,single,lookup,address,What is the address on the STAR GROCER SDN BHD receipt from 25 March 2018?,"NO 4, DESA PANDAN, OFF KAMPONG PANDAN, 55100 KUALA LUMPUR",A · dense RAG (MiniLM),NOT_FOUND,False,,292,0.0
lo0182,single,lookup,address,What is the address on the OJC MARKETING SDN BHD receipt from 15 January 2019?,"NO 2 & 4, JALAN BAYU 4, BANDAR SERI ALAM, B1750 MASAI, JOHOR",A · dense RAG (MiniLM),NOT_FOUND,False,,292,0.0
lo0183,single,lookup,date,When was the SANYU STATIONERY SHOP receipt for 8.70 issued?,14/10/2017,A · dense RAG (MiniLM),12/09/2017,False,,474,0.0
lo0184,single,lookup,total,How much was the receipt from UNIHAKKA INTERNATIONAL SDN BHD on 26 March 2018?,8.20,A · dense RAG (MiniLM),NOT_FOUND,False,,294,0.0
lo0185,single,lookup,total,How much was the receipt from RESTORAN HWA MUI SUTERA SDN BHD on 29 April 2018?,91.50,A · dense RAG (MiniLM),NOT_FOUND,False,,309,0.0
lo0186,single,lookup,date,When was the RESTORAN HOETIM receipt for 83.00 issued?,28/05/2018,A · dense RAG (MiniLM),NOT_FOUND,False,,269,0.0
lo0187,single,lookup,address,What is the address on the SUPER SEVEN CASH & CARRY SDN BHD receipt from 27 January 2018?,"NO. 1 JALAN EURO 1 OFF JALAN BATU TIGA SUNGAI BULOH SEKSYEN U3 SHAH ALAM, 40150",A · dense RAG (MiniLM),NOT_FOUND,False,,309,0.0
lo0188,single,lookup,total,How much was the receipt from GUDANG HASIL RESTAURANT SDN BHD on 02 December 2016?,15.80,A · dense RAG (MiniLM),15.80,True,,336,0.0
lo0189,single,lookup,address,What is the address on the MOONLIGHT CAKE HOUSE SDN BHD receipt from 02 June 2018?,"NO.1, JALAN PERMAS 10/5, BANDAR BARU PERMAS JAYA 81750 JOHOR BAHRU, JOHOR.",A · dense RAG (MiniLM),"No.1, Jalan Permas 10/5, Bandar Baru Permas Jaya
81750 Johor Bahru, Johor",True,,868,0.0
lo0190,single,lookup,total,How much was the receipt from BIRU PETROLEUM on 11 November 2016?,6.40,A · dense RAG (MiniLM),6.40,True,,322,0.0
lo0191,single,lookup,total,How much was the receipt from UNIHAKKA INTERNATIONAL SDN BHD on 12 May 2018?,6.60,A · dense RAG (MiniLM),NOT_FOUND,False,,294,0.0
lo0192,single,lookup,total,How much was the receipt from RESTORAN WAN SHE on 29 September 2017?,164.40,A · dense RAG (MiniLM),NOT_FOUND,False,,320,0.0
lo0193,single,lookup,total,How much was the receipt from TRIPLE SIX POINT ENTERPRISE 666 on 23 April 2018?,157.90,A · dense RAG (MiniLM),NOT_FOUND,False,,268,0.0
lo0194,single,lookup,address,What is the address on the RESTORAN WAN SHENG receipt from 11 May 2018?,"NO.2, JALAN TEMENGGUNG 19/9, SEKSYEN 9, BANDAR MAHKOTA CHERAS, 43200 CHERAS, SELANGOR",A · dense RAG (MiniLM),NOT_FOUND,False,,269,0.0
lo0195,single,lookup,date,When was the F&P PHARMACY receipt for 31.90 issued?,02/03/2018,A · dense RAG (MiniLM),NOT_FOUND,False,,361,0.0
lo0196,single,lookup,address,What is the address on the GARDENIA BAKERIES (KL) SDN BHD receipt from 07 October 2017?,"LOT 3, JALAN PELABUR 23/1, 40300 SHAH ALAM, SELANGOR.",A · dense RAG (MiniLM),NOT_FOUND,False,,443,0.0
lo0197,single,lookup,address,What is the address on the AEON CO. (M) BHD receipt from 17 June 2018?,"3RD FLR, AEON TAMAN MALURI SC JLN JEJAKA, TAMAN MALURI CHERAS, 55100 KUALA LUMPUR",A · dense RAG (MiniLM),NOT_FOUND,False,,269,0.0
lo0198,single,lookup,total,How much was the receipt from CONTENTO on 20 March 2018?,21.60,A · dense RAG (MiniLM),NOT_FOUND,False,,308,0.0
lo0199,single,lookup,total,How much was the receipt from CHA FOR TEA on 19 April 2018?,46.25,A · dense RAG (MiniLM),46.25,True,,381,0.0
ag0200,single,aggregate,sum_total,How much did I spend at GERBANG ALAF RESTAURANTS SDN BHD in total?,262.20,A · dense RAG (MiniLM),8.50,False,,336,0.0
ag0201,single,aggregate,count,How many receipts do I have from GERBANG ALAF RESTAURANTS SDN BHD?,7,A · dense RAG (MiniLM),2,False,,291,0.0
ag0202,single,aggregate,max_total,What was my largest single purchase at GERBANG ALAF RESTAURANTS SDN BHD?,109.05,A · dense RAG (MiniLM),NOT_FOUND,False,,322,0.0
ag0203,single,aggregate,sum_total,How much did I spend at SWC ENTERPRISE SDN BHD in total?,16.20,A · dense RAG (MiniLM),8.00,False,,350,0.0
ag0204,single,aggregate,count,How many receipts do I have from SWC ENTERPRISE SDN BHD?,3,A · dense RAG (MiniLM),2,False,,325,0.0
ag0205,single,aggregate,max_total,What was my largest single purchase at SWC ENTERPRISE SDN BHD?,8.00,A · dense RAG (MiniLM),NOT_FOUND,False,,358,0.0
ag0206,single,aggregate,sum_total,How much did I spend at 99 SPEED MART S/B in total?,779.15,A · dense RAG (MiniLM),3.30,False,,297,0.0
ag0207,single,aggregate,count,How many receipts do I have from 99 SPEED MART S/B?,13,A · dense RAG (MiniLM),3,False,,254,0.0
ag0208,single,aggregate,max_total,What was my largest single purchase at 99 SPEED MART S/B?,262.20,A · dense RAG (MiniLM),NOT_FOUND,False,,267,0.0
ag0209,single,aggregate,sum_total,How much did I spend at UNIHAKKA INTERNATIONAL SDN BHD in total?,221.20,A · dense RAG (MiniLM),NOT_FOUND,False,,338,0.0
ag0210,single,aggregate,count,How many receipts do I have from UNIHAKKA INTERNATIONAL SDN BHD?,27,A · dense RAG (MiniLM),NOT_FOUND,False,,307,0.0
ag0211,single,aggregate,max_total,What was my largest single purchase at UNIHAKKA INTERNATIONAL SDN BHD?,12.20,A · dense RAG (MiniLM),NOT_FOUND,False,,404,0.0
ag0212,single,aggregate,sum_total,How much did I spend at PASARAYA BORONG PINTAR SDN BHD in total?,15.35,A · dense RAG (MiniLM),1.45,False,,335,0.0
ag0213,single,aggregate,count,How many receipts do I have from PASARAYA BORONG PINTAR SDN BHD?,5,A · dense RAG (MiniLM),3,False,,292,0.0
ag0214,single,aggregate,max_total,What was my largest single purchase at PASARAYA BORONG PINTAR SDN BHD?,10.40,A · dense RAG (MiniLM),NOT_FOUND,False,,306,0.0
ag0215,single,aggregate,sum_total,How much did I spend at POPULAR BOOK CO. (M) SDN BHD in total?,227.00,A · dense RAG (MiniLM),7.95,False,,366,0.0
ag0216,single,aggregate,count,How many receipts do I have from POPULAR BOOK CO. (M) SDN BHD?,6,A · dense RAG (MiniLM),2,False,,324,0.0
ag0217,single,aggregate,max_total,What was my largest single purchase at POPULAR BOOK CO. (M) SDN BHD?,140.65,A · dense RAG (MiniLM),NOT_FOUND,False,,374,0.0
ag0218,single,aggregate,sum_total,How much did I spend at HON HWA HARDWARE TRADING in total?,42.20,A · dense RAG (MiniLM),19.60,False,,383,0.0
ag0219,single,aggregate,count,How many receipts do I have from HON HWA HARDWARE TRADING?,4,A · dense RAG (MiniLM),3,False,,307,0.0
ag0220,single,aggregate,max_total,What was my largest single purchase at HON HWA HARDWARE TRADING?,19.60,A · dense RAG (MiniLM),7.20,False,,369,0.0
ag0221,single,aggregate,sum_total,How much did I spend at AEON CO. (M) BHD in total?,819.65,A · dense RAG (MiniLM),65.10,False,,381,0.0
ag0222,single,aggregate,count,How many receipts do I have from AEON CO. (M) BHD?,8,A · dense RAG (MiniLM),NOT_FOUND,False,,309,0.0
ag0223,single,aggregate,max_total,What was my largest single purchase at AEON CO. (M) BHD?,458.55,A · dense RAG (MiniLM),NOT_FOUND,False,,322,0.0
ag0224,single,aggregate,sum_total,How much did I spend at LIM SENG THO HARDWARE TRADING in total?,25.90,A · dense RAG (MiniLM),NOT_FOUND,False,,400,0.0
ag0225,single,aggregate,count,How many receipts do I have from LIM SENG THO HARDWARE TRADING?,3,A · dense RAG (MiniLM),1,False,,325,0.0
ag0226,single,aggregate,max_total,What was my largest single purchase at LIM SENG THO HARDWARE TRADING?,10.50,A · dense RAG (MiniLM),NOT_FOUND,False,,373,0.0
ag0227,single,aggregate,sum_total,How much did I spend at SYARIKAT PERNIAGAAN GIN KEE in total?,822.35,A · dense RAG (MiniLM),94.34,False,,383,0.0
ag0228,single,aggregate,count,How many receipts do I have from SYARIKAT PERNIAGAAN GIN KEE?,11,A · dense RAG (MiniLM),2,False,,292,0.0
ag0229,single,aggregate,max_total,What was my largest single purchase at SYARIKAT PERNIAGAAN GIN KEE?,190.80,A · dense RAG (MiniLM),90.10,False,,418,0.0
ag0230,single,aggregate,sum_total,How much did I spend at WESTERN EASTERN STATIONERY SDN. BHD in total?,57.72,A · dense RAG (MiniLM),NOT_FOUND,False,,322,0.0
ag0231,single,aggregate,count,How many receipts do I have from WESTERN EASTERN STATIONERY SDN. BHD?,3,A · dense RAG (MiniLM),2,False,,254,0.0
ag0232,single,aggregate,max_total,What was my largest single purchase at WESTERN EASTERN STATIONERY SDN. BHD?,42.88,A · dense RAG (MiniLM),NOT_FOUND,False,,358,0.0
ag0233,single,aggregate,sum_total,How much did I spend at RESTORAN WAN SHENG in total?,92.30,A · dense RAG (MiniLM),9.60,False,,335,0.0
ag0234,single,aggregate,count,How many receipts do I have from RESTORAN WAN SHENG?,14,A · dense RAG (MiniLM),NOT_FOUND,False,,322,0.0
ag0235,single,aggregate,max_total,What was my largest single purchase at RESTORAN WAN SHENG?,17.60,A · dense RAG (MiniLM),NOT_FOUND,False,,340,0.0
ag0236,single,aggregate,sum_total,How much did I spend at KEDAI PAPAN YEW CHUAN in total?,1078.55,A · dense RAG (MiniLM),135.68,False,,475,0.0
ag0237,single,aggregate,count,How many receipts do I have from KEDAI PAPAN YEW CHUAN?,7,A · dense RAG (MiniLM),2,False,,326,0.0
ag0238,single,aggregate,max_total,What was my largest single purchase at KEDAI PAPAN YEW CHUAN?,283.55,A · dense RAG (MiniLM),NOT_FOUND,False,,441,0.0
ag0239,single,aggregate,sum_total,How much did I spend at YONG CEN ENTERPRISE in total?,258.50,A · dense RAG (MiniLM),65.70,False,,363,0.0
ag0240,single,aggregate,count,How many receipts do I have from YONG CEN ENTERPRISE?,4,A · dense RAG (MiniLM),2,False,,278,0.0
ag0241,single,aggregate,max_total,What was my largest single purchase at YONG CEN ENTERPRISE?,108.00,A · dense RAG (MiniLM),61.99,False,,365,0.0
ag0242,single,aggregate,sum_total,How much did I spend at SUPER SEVEN CASH & CARRY SDN BHD in total?,527.85,A · dense RAG (MiniLM),408.45,False,,397,0.0
ag0243,single,aggregate,count,How many receipts do I have from SUPER SEVEN CASH & CARRY SDN BHD?,4,A · dense RAG (MiniLM),NOT_FOUND,False,,339,0.0
ag0244,single,aggregate,max_total,What was my largest single purchase at SUPER SEVEN CASH & CARRY SDN BHD?,408.45,A · dense RAG (MiniLM),49.66,False,,418,0.0
ag0245,single,aggregate,sum_total,How much did I spend at SEGI CASH & CARRY SDN. BHD. in total?,902.65,A · dense RAG (MiniLM),NOT_FOUND,False,,294,0.0
ag0246,single,aggregate,count,How many receipts do I have from SEGI CASH & CARRY SDN. BHD.?,3,A · dense RAG (MiniLM),NOT_FOUND,False,,320,0.0
ag0247,single,aggregate,max_total,What was my largest single purchase at SEGI CASH & CARRY SDN. BHD.?,674.00,A · dense RAG (MiniLM),NOT_FOUND,False,,320,0.0
ag0248,single,aggregate,sum_total,How much did I spend at GUARDIAN HEALTH AND BEAUTY SDN BHD in total?,140.61,A · dense RAG (MiniLM),108.21,False,,395,0.0
ag0249,single,aggregate,count,How many receipts do I have from GUARDIAN HEALTH AND BEAUTY SDN BHD?,3,A · dense RAG (MiniLM),2,False,,324,0.0
ag0250,single,aggregate,max_total,What was my largest single purchase at GUARDIAN HEALTH AND BEAUTY SDN BHD?,108.21,A · dense RAG (MiniLM),NOT_FOUND,False,,374,0.0
ag0251,single,aggregate,sum_total,How much did I spend at MR. D.I.Y. (M) SDN BHD in total?,363.80,A · dense RAG (MiniLM),NOT_FOUND,False,,320,0.0
ag0252,single,aggregate,count,How many receipts do I have from MR. D.I.Y. (M) SDN BHD?,12,A · dense RAG (MiniLM),NOT_FOUND,False,,308,0.0
ag0253,single,aggregate,max_total,What was my largest single purchase at MR. D.I.Y. (M) SDN BHD?,96.90,A · dense RAG (MiniLM),NOT_FOUND,False,,320,0.0
ag0254,single,aggregate,sum_total,How much did I spend at PRINT EXPERT SDN BHD in total?,550.35,A · dense RAG (MiniLM),204.20,False,,418,0.0
ag0255,single,aggregate,count,How many receipts do I have from PRINT EXPERT SDN BHD?,3,A · dense RAG (MiniLM),2,False,,325,0.0
ag0256,single,aggregate,max_total,What was my largest single purchase at PRINT EXPERT SDN BHD?,226.60,A · dense RAG (MiniLM),159.00,False,,432,0.0
ag0257,single,aggregate,sum_total,How much did I spend at KING'S CONFECTIONERY S/B in total?,114.60,A · dense RAG (MiniLM),70.00,False,,401,0.0
ag0258,single,aggregate,count,How many receipts do I have from KING'S CONFECTIONERY S/B?,4,A · dense RAG (MiniLM),3,False,,306,0.0
ag0259,single,aggregate,max_total,What was my largest single purchase at KING'S CONFECTIONERY S/B?,70.00,A · dense RAG (MiniLM),58.00,False,,403,0.0
ag0260,single,aggregate,sum_total,How much did I spend at BEMED (SP) SDN. BHD. in total?,533.00,A · dense RAG (MiniLM),203.00,False,,380,0.0
ag0261,single,aggregate,count,How many receipts do I have from BEMED (SP) SDN. BHD.?,3,A · dense RAG (MiniLM),2,False,,308,0.0
ag0262,single,aggregate,max_total,What was my largest single purchase at BEMED (SP) SDN. BHD.?,203.00,A · dense RAG (MiniLM),NOT_FOUND,False,,322,0.0
ag0263,single,aggregate,sum_total,How much did I spend at GARDENIA BAKERIES (KL) SDN BHD in total?,1104.55,A · dense RAG (MiniLM),NOT_FOUND,False,,469,0.0
ag0264,single,aggregate,count,How many receipts do I have from GARDENIA BAKERIES (KL) SDN BHD?,31,A · dense RAG (MiniLM),5,False,,402,0.0
ag0265,single,aggregate,max_total,What was my largest single purchase at GARDENIA BAKERIES (KL) SDN BHD?,84.78,A · dense RAG (MiniLM),NOT_FOUND,False,,469,0.0
ag0266,single,aggregate,sum_total,How much did I spend at YIN MA (M) SDN.BHD. in total?,52.60,A · dense RAG (MiniLM),NOT_FOUND,False,,307,0.0
ag0267,single,aggregate,count,How many receipts do I have from YIN MA (M) SDN.BHD.?,3,A · dense RAG (MiniLM),NOT_FOUND,False,,358,0.0
ag0268,single,aggregate,max_total,What was my largest single purchase at YIN MA (M) SDN.BHD.?,32.70,A · dense RAG (MiniLM),NOT_FOUND,False,,359,0.0
ag0269,single,aggregate,sum_total,How much did I spend at KEDAI UBAT & RUNCIT HONG NING SDN. BHD. in total?,738.65,A · dense RAG (MiniLM),29.10,False,,402,0.0
ag0270,single,aggregate,count,How many receipts do I have from KEDAI UBAT & RUNCIT HONG NING SDN. BHD.?,4,A · dense RAG (MiniLM),1,False,,325,0.0
ag0271,single,aggregate,max_total,What was my largest single purchase at KEDAI UBAT & RUNCIT HONG NING SDN. BHD.?,676.00,A · dense RAG (MiniLM),11.90,False,,383,0.0
ag0272,single,aggregate,sum_total,How much did I spend at MR. D.I.Y. (KUCHAI) SDN BHD in total?,75.90,A · dense RAG (MiniLM),NOT_FOUND,False,,294,0.0
ag0273,single,aggregate,count,How many receipts do I have from MR. D.I.Y. (KUCHAI) SDN BHD?,4,A · dense RAG (MiniLM),NOT_FOUND,False,,323,0.0
ag0274,single,aggregate,max_total,What was my largest single purchase at MR. D.I.Y. (KUCHAI) SDN BHD?,34.40,A · dense RAG (MiniLM),NOT_FOUND,False,,294,0.0
ag0275,single,aggregate,sum_total,How much did I spend at SANYU STATIONERY SHOP in total?,99.50,A · dense RAG (MiniLM),8.70,False,,401,0.0
ag0276,single,aggregate,count,How many receipts do I have from SANYU STATIONERY SHOP?,13,A · dense RAG (MiniLM),5,False,,345,0.0
ag0277,single,aggregate,max_total,What was my largest single purchase at SANYU STATIONERY SHOP?,21.90,A · dense RAG (MiniLM),NOT_FOUND,False,,359,0.0
ag0278,single,aggregate,sum_total,How much did I spend at MOONLIGHT CAKE HOUSE SDN BHD in total?,59.40,A · dense RAG (MiniLM),28.20,False,,402,0.0
ag0279,single,aggregate,count,How many receipts do I have from MOONLIGHT CAKE HOUSE SDN BHD?,3,A · dense RAG (MiniLM),3,True,,386,0.0
ag0280,single,aggregate,max_total,What was my largest single purchase at MOONLIGHT CAKE HOUSE SDN BHD?,28.20,A · dense RAG (MiniLM),NOT_FOUND,False,,401,0.0
ag0281,single,aggregate,sum_year,How much did I spend in total during 2016?,2267.75,A · dense RAG (MiniLM),NOT_FOUND,False,,400,0.0
ag0282,single,aggregate,count_year,How many receipts do I have from 2016?,31,A · dense RAG (MiniLM),NOT_FOUND,False,,306,0.0
ag0283,single,aggregate,sum_year,How much did I spend in total during 2017?,6199.66,A · dense RAG (MiniLM),NOT_FOUND,False,,373,0.0
ag0284,single,aggregate,count_year,How many receipts do I have from 2017?,105,A · dense RAG (MiniLM),2,False,,294,0.0
ag0285,single,aggregate,sum_year,How much did I spend in total during 2018?,12500.91,A · dense RAG (MiniLM),NOT_FOUND,False,,375,0.0
ag0286,single,aggregate,count_year,How many receipts do I have from 2018?,203,A · dense RAG (MiniLM),2,False,,308,0.0
lo0000,single,lookup,date,When was the MR. D.I.Y. (M) SDN BHD receipt for 6.20 issued?,23/03/2018,A · dense RAG (Titan),23-03-18,False,,1116,5e-07
lo0001,single,lookup,address,What is the address on the SANYU STATIONERY SHOP receipt from 24 October 2017?,"NO. 31G&33G, JALAN SETIA INDAH X ,U13/X 40170 SETIA ALAM",A · dense RAG (Titan),NOT_FOUND,False,,357,4.6e-07
lo0002,single,lookup,total,How much was the receipt from GERBANG ALAF RESTAURANTS SDN BHD on 24 June 2018?,7.35,A · dense RAG (Titan),NOT_FOUND,False,,335,5.6e-07
lo0003,single,lookup,total,How much was the receipt from ALI BABA INTERNATIONAL SDN BHD on 19 February 2018?,23.80,A · dense RAG (Titan),23.80,True,,398,4.8e-07
lo0004,single,lookup,address,What is the address on the GARDENIA BAKERIES (KL) SDN BHD receipt from 07 August 2017?,"LOT 3, JALAN PELABUR 23/1, 40300 SHAH ALAM, SELANGOR.",A · dense RAG (Titan),NOT_FOUND,False,,508,6e-07
lo0005,single,lookup,total,How much was the receipt from MR. D.I.Y. (KUCHAI) SDN BHD on 10 January 2016?,8.10,A · dense RAG (Titan),NOT_FOUND,False,,373,6e-07
lo0006,single,lookup,address,What is the address on the KOREAN DINE SDN BHD receipt from 19 June 2018?,"NO 4, JALAN PERMAS 10/5. BANDAR BARU PERMAS JAYA, 81750 JOHOR BAHRU, JOHOR.",A · dense RAG (Titan),"No 4, Jalan Permas 10/5.
Bandar Baru Permas Jaya,
81750 Johor Bahru, Johor.",True,,821,5e-07
lo0007,single,lookup,address,What is the address on the UNIHAKKA INTERNATIONAL SDN BHD receipt from 25 March 2018?,"12, JALAN TAMPOI 7/4,KAWASAN PERINDUSTRIAN TAMPOI,81200 JOHOR BAHRU,JOHOR",A · dense RAG (Titan),"12, Jalan Tampoi 7/4,Kawasan Perindustrian Tampoi,81200 Johor Bahru,Johor",True,,979,5e-07
lo0008,single,lookup,total,How much was the receipt from MEI LET RESTAURANT on 12 January 2017?,59.35,A · dense RAG (Titan),59.35,True,,380,4.4e-07
lo0009,single,lookup,total,How much was the receipt from RESTORAN WAN SHENG on 05 May 2018?,7.60,A · dense RAG (Titan),NOT_FOUND,False,,306,4.2e-07
lo0010,single,lookup,total,How much was the receipt from AEON CO. (M) BHD on 11 May 2018?,458.55,A · dense RAG (Titan),458.55,True,,634,4.8e-07
lo0011,single,lookup,total,How much was the receipt from YHM MID VALLEY on 15 December 2017?,21.60,A · dense RAG (Titan),21.60,True,,362,4e-07
lo0012,single,lookup,address,What is the address on the GUARDIAN HEALTH AND BEAUTY SDN BHD receipt from 09 March 2018?,"G31 & G32, GRD FLR, IOI MALL BANDAR PUCHONG JAYA",A · dense RAG (Titan),"631 & G32, Grd Flr, 101 Mall, Bandar Puchong Jaya",False,,760,5.6e-07
lo0013,single,lookup,total,How much was the receipt from MR. D. I. Y. (KUCHAI) SDN BHD on 19 March 2018?,11.90,A · dense RAG (Titan),11.90,True,,459,6.4e-07
lo0014,single,lookup,total,How much was the receipt from TED HENG STATIONERY & BOOKS on 27 January 2018?,27.35,A · dense RAG (Titan),27.35,True,,443,4.8e-07
lo0015,single,lookup,total,How much was the receipt from YIN MA (M) SDN.BHD. on 19 July 2016?,14.50,A · dense RAG (Titan),14.50,True,,364,5.2e-07
lo0016,single,lookup,address,What is the address on the UNIHAKKA INTERNATIONAL SDN BHD receipt from 21 May 2018?,"2, JALAN TAMPOI 7/4,KAWASAN PERINDUSTRIAN TAMPOI,81200 JOHOR BAHRU,JOHOR",A · dense RAG (Titan),NOT_FOUND,False,,355,5e-07
lo0017,single,lookup,address,What is the address on the GARDENIA BAKERIES (KL) SDN BHD receipt from 12 September 2017?,"LOT 3, JALAN PELABUR 23/1, 40300 SHAH ALAM, SELANGOR.",A · dense RAG (Titan),"Lot 3, Jalan Pelabur 23/1,
40300 Shah Alam, Selangor.",True,,867,6e-07
lo0018,single,lookup,address,What is the address on the KOH SENG HARDWARE receipt from 04 December 2017?,"NO. 939, BATU LIMA, JALAN IPOH, 51200 KUALA LUMPUR.",A · dense RAG (Titan),"NO. 939, BATU LIMA, JALAN IPOH, 51200 KUALA LUMPUR",True,,703,4.4e-07
lo0019,single,lookup,date,When was the BENS INDEPENDENT GROCER SDN. BHD receipt for 133.70 issued?,09/03/2018,A · dense RAG (Titan),09/03/18,True,,488,5e-07
lo0020,single,lookup,total,How much was the receipt from KEDA PAPAN YEW CHJAN on 08 March 2018?,312.70,A · dense RAG (Titan),NOT_FOUND,False,,415,5e-07
lo0021,single,lookup,total,How much was the receipt from MR. D.I.Y. (KUCHAI) SDN BHD on 11 January 2016?,7.00,A · dense RAG (Titan),7.00,True,,401,6e-07
lo0022,single,lookup,date,When was the DREAM ARTS receipt for 15.00 issued?,29/03/2018,A · dense RAG (Titan),29/03/2018,True,,420,3.2e-07
lo0023,single,lookup,date,When was the SWC ENTERPRISE SDN BHD receipt for 4.00 issued?,06/03/2018,A · dense RAG (Titan),06/03/2018,True,,418,4.2e-07
lo0024,single,lookup,date,When was the SUPER TERMINAL SDN BHD receipt for 132.50 issued?,20/01/2018,A · dense RAG (Titan),20/01/2018,True,,529,3.8e-07
lo0025,single,lookup,date,When was the SYARIKAT PERNIAGAAN GIN KEE receipt for 11.13 issued?,15/01/2018,A · dense RAG (Titan),NOT_FOUND,False,,359,5.2e-07
lo0026,single,lookup,address,What is the address on the GARDENIA BAKERIES (KL) SDN BHD receipt from 16 October 2017?,"LOT 3, JALAN PELABUR 23/1, 40300 SHAH ALAM, SELANGOR.",A · dense RAG (Titan),NOT_FOUND,False,,508,6e-07
lo0027,single,lookup,total,How much was the receipt from SYARIKAT PERNIAGAAN GIN KEE on 30 December 2017?,89.04,A · dense RAG (Titan),89.04,True,,402,5.8e-07
lo0028,single,lookup,address,What is the address on the BHPETROL PERMAS JAYA 2 receipt from 08 May 2018?,"LOT PTD 101051 JALAN PERMAS 10/10 81750 MASAI, JOHOR",A · dense RAG (Titan),"Jalan Permas 10/10
81750 Masai, Johor",True,,573,5.4e-07
lo0029,single,lookup,total,How much was the receipt from B & BEST RESTAURANT on 19 April 2017?,14.85,A · dense RAG (Titan),14.85,True,,402,4.4e-07
lo0030,single,lookup,date,When was the UNIHAKKA INTERNATIONAL SDN BHD receipt for 8.90 issued?,14/04/2018,A · dense RAG (Titan),14 Apr 2018,True,,424,4.2e-07
lo0031,single,lookup,total,How much was the receipt from KEDAI BUKU NEW ACHEIVERS on 15 September 2017?,48.00,A · dense RAG (Titan),NOT_FOUND,False,,358,5e-07
lo0032,single,lookup,total,How much was the receipt from HENG KEE DELIGHTS BAK KUT TEH. on 04 January 2018?,42.00,A · dense RAG (Titan),42.00,True,,379,5.8e-07
lo0033,single,lookup,address,What is the address on the 99 SPEED MART S/B receipt from 26 March 2018?,"LOT P.T. 2811, JALAN ANGSA, TAMAN BERKELEY 41150 KLANG, SELANGOR 1330 JLN KENANGA",A · dense RAG (Titan),NOT_FOUND,False,,320,4.4e-07
lo0034,single,lookup,total,How much was the receipt from UNIHAKKA INTERNATIONAL SDN BHD on 06 April 2018?,7.60,A · dense RAG (Titan),NOT_FOUND,False,,338,4.8e-07
lo0035,single,lookup,date,When was the GERBANG ALAF RESTAURANTS SDN BHD receipt for 19.00 issued?,30/05/2018,A · dense RAG (Titan),NOT_FOUND,False,,337,5e-07
lo0036,single,lookup,total,How much was the receipt from AEON CO. (M) BHD on 21 March 2018?,65.10,A · dense RAG (Titan),NOT_FOUND,False,,575,4.8e-07
lo0037,single,lookup,date,When was the PERNIAGAAN ZHENG HUI receipt for 436.20 issued?,09/02/2018,A · dense RAG (Titan),09/02/2018,True,,489,4.6e-07
lo0038,single,lookup,address,What is the address on the FIVE STAR CASH & CARRY receipt from 05 January 2017?,"G.23 & G.22, PLAZA SERI SETIA, NO.1 JALAN SS 9/1, 47300 PJ, SELANGOR.",A · dense RAG (Titan),"G.23 & G.22, Plaza Seri Setia, No.1 Jalan SS 9/1, 47300 PJ, Selangor.",True,,969,4.8e-07
lo0039,single,lookup,address,What is the address on the GARDENIA BAKERIES (KL) SDN BHD receipt from 26 September 2017?,"LOT 3, JALAN PELABUR 23/1, 40300 SHAH ALAM, SELANGOR.",A · dense RAG (Titan),"Lot 3, Jalan Pelabur 23/1,
40300 Shah Alam, Selangor.",True,,870,6e-07
lo0040,single,lookup,total,How much was the receipt from BOOK TALK (MUTIARA RINI) SDN BHD on 21 June 2018?,9.30,A · dense RAG (Titan),9.30,True,,468,6e-07
lo0041,single,lookup,total,How much was the receipt from UNIHAKKA INTERNATIONAL SDN BHD on 05 April 2018?,6.90,A · dense RAG (Titan),NOT_FOUND,False,,337,4.8e-07
lo0042,single,lookup,address,What is the address on the ANEKA INTERTRADE MARKETING SDN BHD receipt from 19 June 2017?,"150B, JALAN TUDM,KG BARU SUBANG 40150 SHAH ALAM, SELANGOR DARUL EHSAN, MALAYSIA.",A · dense RAG (Titan),"150B, Jalan TUDM, Kg Baru Subang
40150 Shah Alam,
Selangor Darul Ehsan, Malaysia.",True,,858,5.6e-07
lo0043,single,lookup,total,How much was the receipt from KEDAI UBAT & RUNCIT HONG NING SDN. BHD. on 21 December 2016?,8.00,A · dense RAG (Titan),8.00,True,,385,6.8e-07
lo0044,single,lookup,address,What is the address on the 99 SPEED MART S/B receipt from 19 October 2016?,"LOT P.T. 33198, BATU 4 JALAN KAPAR, MUKIM KAPAR 42100 KLANG, SELANGOR 1558-TMN PUSAT KEPONG",A · dense RAG (Titan),NOT_FOUND,False,,319,4.4e-07
lo0045,single,lookup,total,How much was the receipt from SANYU STATIONERY SHOP on 24 September 2017?,8.70,A · dense RAG (Titan),8.70,True,,387,4.4e-07
lo0046,single,lookup,total,How much was the receipt from VIVOPAC MARKETING SDN BHD on 13 September 2017?,52.45,A · dense RAG (Titan),52.45,True,,405,5e-07
lo0047,single,lookup,total,How much was the receipt from RESTORAN WAN SHENG on 21 March 2018?,4.80,A · dense RAG (Titan),NOT_FOUND,False,,306,4.2e-07
lo0048,single,lookup,address,What is the address on the UNIHAKKA INTERNATIONAL SDN BHD receipt from 13 June 2018?,"12, JALAN TAMPOI 7/4,KAWASAN PERINDUSTRIAN TAMPOI,81200 JOHOR BAHRU, JOHOR",A · dense RAG (Titan),NOT_FOUND,False,,356,5e-07
lo0049,single,lookup,address,What is the address on the SEN LEE HEONG RESTAURANT receipt from 12 January 2018?,"G-0-1 ,M.AVENUE NO.1 ,JLN 1/38A, SEGAMBUT BAHAGIA,51200, K.LUMPUL",A · dense RAG (Titan),"G-O-1,M.AVENUE NO.1,JLN 1/38A, SEGAMBUT BAHAGIA, 51200, K. LUMPUL",False,,854,5e-07
lo0050,single,lookup,total,How much was the receipt from 99 SPEED MART S/B on 31 March 2018?,4.00,A · dense RAG (Titan),NOT_FOUND,False,,319,4.2e-07
lo0051,single,lookup,address,What is the address on the THE TOAST F&B SDN BHD receipt from 19 May 2018?,"LOT 2110&2111 JALAN PERMAS UTARA BANDAR BARU PERMAS 81750,JOHOR BAHRU JOHOR",A · dense RAG (Titan),"LOT 211082111 JALAN PERMAS UTARA
BANDAR BARU PERMAS
81750,JOHOR BAHRU JOHOR",False,,905,5e-07
lo0052,single,lookup,address,What is the address on the 118 MJ MOOKATA HOUSE receipt from 11 June 2018?,"NO.7G,JALAN PERMAS 11, BANDAR BARU PERMAS JAYA, 81750 MASAI, JOHOR.",A · dense RAG (Titan),"NO.7G, Jalan Permas 11, Bandar Baru Permas Jaya, 81750 Masai, Johor.",True,,798,4.6e-07
lo0053,single,lookup,total,How much was the receipt from PETRON BKT LANJAN SB on 01 February 2018?,4.90,A · dense RAG (Titan),4.90,True,,366,4.6e-07
lo0054,single,lookup,date,When was the UNIPHARM PHARMACY receipt for 24.90 issued?,05/04/2018,A · dense RAG (Titan),05/Apr/2018,False,,515,3.6e-07
lo0055,single,lookup,total,How much was the receipt from KEDAI PAPAN YEW CHUAN on 12 March 2018?,283.55,A · dense RAG (Titan),283.55,True,,473,5.2e-07
lo0056,single,lookup,address,What is the address on the AEON CO. (M) BHD receipt from 12 April 2018?,"3RD FLR, AEON TAMAN MALURI SC JLN JEJAKA, TAMAN MALURI CHERAS, 55100 KUALA LUMPUR",A · dense RAG (Titan),"3RD FLR, AEON TAMAN MALURI SC
JLN JEJAKA, TAMAN MALURI
CHERAS, 55100 KUALA LUMPUR",True,,1133,5e-07
lo0057,single,lookup,total,How much was the receipt from BEMED (SP) SDN. BHD. on 01 April 2017?,165.00,A · dense RAG (Titan),165.00,True,,376,5.4e-07
lo0058,single,lookup,address,What is the address on the GERBANG ALAF RESTAURANTS SDN BHD receipt from 26 May 2018?,"LEVEL 6, BANGUNAN TH, DAMANSARA UPTOWN3 NO.3, JALAN SS21/39,47400 PETALING JAYA SELANGOR",A · dense RAG (Titan),"Level 6, Bangunan TH, Damansara Uptown3
No.3, Jalan SS21/39, 47400 Petaling Jaya
Selangor",True,,895,5.8e-07
lo0059,single,lookup,date,When was the OLIVE9 PHARMACY SDN BHD receipt for 12.15 issued?,31/03/2017,A · dense RAG (Titan),31/03/2017,True,,475,4.4e-07
lo0060,single,lookup,address,What is the address on the CPI ROCKU SDN. BHD. receipt from 19 February 2018?,"LOT F355/356/357, FIRST FLOOR, RAINFOREST, 1 UTAMA SHOPPING CENTRE, LEBUH BANDAR UTAMA, 47800 PETALING JAYA",A · dense RAG (Titan),"LOT F355/356/357, FIRST FLOOR, RAINFOREST, 1 UTAMA SHOPPING CENTRE, LEBUH BANDAR UTAMA, 47800 PETALING JAYA",True,,1022,5e-07
lo0061,single,lookup,total,How much was the receipt from TRIPLE SIX POINT ENTERPRISE 666 on 22 March 2018?,22.60,A · dense RAG (Titan),22.60,True,,417,4.8e-07
lo0062,single,lookup,address,What is the address on the RESTAURANT JIAWEI JIAWEI HOUSE receipt from 23 February 2018?,"13, JLN TASIK UTAMA 8 MEDAN NIAGA DAMAI SG BESI",A · dense RAG (Titan),"13, JLN TASIK UTAMA 8
MEDAN NIAGA DAMAI SG BESI
57000 KL",True,,770,5.8e-07
lo0063,single,lookup,date,When was the MR. D.I.Y. (M) SDN BHD receipt for 59.20 issued?,10/01/2016,A · dense RAG (Titan),10-01-16,False,,551,5e-07
lo0064,single,lookup,total,How much was the receipt from PAPPARICH BMC on 29 June 2018?,46.90,A · dense RAG (Titan),46.90,True,,362,4e-07
lo0065,single,lookup,total,How much was the receipt from SUPER SEVEN CASH & CARRY SDN BHD on 01 February 2018?,42.10,A · dense RAG (Titan),42.10,True,,553,5.4e-07
lo0066,single,lookup,total,How much was the receipt from GARDENIA BAKERIES (KL) SDN BHD on 23 July 2017?,26.58,A · dense RAG (Titan),NOT_FOUND,False,,508,5.8e-07
lo0067,single,lookup,total,How much was the receipt from 99 SPEED MART S/B on 07 February 2017?,37.45,A · dense RAG (Titan),NOT_FOUND,False,,320,4.2e-07
lo0068,single,lookup,address,What is the address on the ECONSAVE CASH & CARRY (FC) S/B receipt from 22 March 2018?,"LOT GO1, KL FESTIVAL CITY, NO. 67 JIN IBU KOTA TMN DANAU KOTA, KL",A · dense RAG (Titan),"Lot G01, KL Festival City,
No. 67 Jln Ibu Kota Tmn Danau Kota, KL",False,,851,5.8e-07
lo0069,single,lookup,total,How much was the receipt from YONG TAT HARDWARE TRADING on 13 March 2018?,72.00,A · dense RAG (Titan),72.00,True,,365,4.6e-07
lo0070,single,lookup,total,How much was the receipt from MUN HENG ELECTRICAL & HARDWARE SUPPLY on 01 February 2018?,7.00,A · dense RAG (Titan),7.00,True,,348,5.4e-07
lo0071,single,lookup,date,When was the MR. D.I.Y. (KUCHAI) SDN BHD receipt for 26.40 issued?,01/02/2016,A · dense RAG (Titan),01-02-16,False,,458,5.4e-07
lo0072,single,lookup,total,How much was the receipt from BECON ENTERPRISE SDN BHD on 13 November 2017?,270.10,A · dense RAG (Titan),270.10,True,,396,4.8e-07
lo0073,single,lookup,date,When was the BENS INDEPENDENT GROCER SDN. BHD receipt for 81.00 issued?,08/03/2018,A · dense RAG (Titan),08/03/18,True,,486,5e-07
lo0074,single,lookup,total,How much was the receipt from SEGI CASH & CARRY SDN.BHD on 06 February 2017?,27.00,A · dense RAG (Titan),27.00,True,,487,5.2e-07
lo0075,single,lookup,date,When was the 99 SPEED MART S/B receipt for 98.90 issued?,28/01/2018,A · dense RAG (Titan),28-01-18,False,,404,3.6e-07
lo0076,single,lookup,total,How much was the receipt from PASARAYA BORONG PINTAR SDN BHD on 09 March 2018?,10.40,A · dense RAG (Titan),10.40,True,,361,5.8e-07
lo0077,single,lookup,address,What is the address on the GERBANG ALAF RESTAURANTS SDN BHD receipt from 27 April 2018?,"LEVEL 6, BANGUNAN TH, DAMANSARA UPTOWN3 NO.3, JALAN SS21/39, 47400 PETALING JAYA SELANGOR",A · dense RAG (Titan),"Level 6, Bangunan TH, Damansara Uptown3
No.3, Jalan SS21/39, 47400 Petaling Jaya
Selangor",True,,900,5.8e-07
lo0078,single,lookup,total,How much was the receipt from BEMED (SP) SDN. BHD. on 20 January 2017?,203.00,A · dense RAG (Titan),203.00,True,,377,5.4e-07
lo0079,single,lookup,total,How much was the receipt from ROYALTEA on 09 May 2018?,10.90,A · dense RAG (Titan),10.90,True,,399,4e-07
lo0080,single,lookup,date,When was the SYARIKAT PERNIAGAAN GIN KEE receipt for 190.80 issued?,25/01/2018,A · dense RAG (Titan),NOT_FOUND,False,,372,5.2e-07
lo0081,single,lookup,total,How much was the receipt from PELITA SAMUDRA PERTAMA (M) SDN BHD. on 03 June 2018?,61.70,A · dense RAG (Titan),61.70,True,,418,6.4e-07
lo0082,single,lookup,total,How much was the receipt from GARDENIA BAKERIES (KL) SDN BHD on 31 August 2017?,1.52,A · dense RAG (Titan),NOT_FOUND,False,,509,5.8e-07
lo0083,single,lookup,date,When was the KEDAI UBAT & RUNCIT HONG NING SDN. BHD. receipt for 676.00 issued?,02/02/2016,A · dense RAG (Titan),02/02/16,True,,442,6.2e-07
lo0084,single,lookup,total,How much was the receipt from SANYU STATIONERY SHOP on 16 December 2017?,8.70,A · dense RAG (Titan),NOT_FOUND,False,,372,4.4e-07
lo0085,single,lookup,address,What is the address on the SUPER NINETY NINE SDN.BHD. receipt from 31 May 2018?,"NO.3343, GROUND FLOOR, JALAN 18/32, TAMAN SRI SERDANG, 43300 SERI KEMBANGAN,",A · dense RAG (Titan),"No.3343, Ground Floor, Jalan 18/32, Taman Sri Serdang, 43300 Seri Kembangan",True,,963,5.4e-07
lo0086,single,lookup,total,How much was the receipt from THONG RECIPE on 27 June 2018?,58.70,A · dense RAG (Titan),58.70,True,,400,4e-07
lo0087,single,lookup,total,How much was the receipt from YHM AEON TEBRAU CITY on 11 March 2018?,49.70,A · dense RAG (Titan),49.70,True,,554,4.8e-07
lo0088,single,lookup,address,What is the address on the HON HWA HARDWARE TRADING receipt from 11 February 2017?,"NO 37, JALAN MANIS 7, TAMAN SEGAR, 56100 CHERAS, KUALA LUMPUR.",A · dense RAG (Titan),"NO 37, JALAN MANIS 7. TAMAN SEGAR, 56100 CHERAS, KUALA LUMPUR.",True,,783,4.8e-07
lo0089,single,lookup,date,When was the UNIHAKKA INTERNATIONAL SDN BHD receipt for 7.80 issued?,11/05/2018,A · dense RAG (Titan),11 May 2018,True,,445,4.2e-07
lo0090,single,lookup,total,How much was the receipt from BEMED (SP) SDN BHD. on 27 March 2018?,308.70,A · dense RAG (Titan),308.70,True,,376,5.2e-07
lo0091,single,lookup,address,What is the address on the SKL DAMANSARA ENTERPRISE receipt from 28 July 2017?,"69G, JALAN SS21/60, DAMANSARA UTAMA, 47400 PETALING JAYA, SELANGOR.",A · dense RAG (Titan),"69G, JALAN SS21/60, DAMANSARA UTAMA, 47400 PETALING JAYA, SELANGOR.",True,,812,4.8e-07
lo0092,single,lookup,date,When was the GARDENIA BAKERIES (KL) SDN BHD receipt for 55.14 issued?,20/08/2017,A · dense RAG (Titan),20/08/2017,True,,623,5.2e-07
lo0093,single,lookup,address,What is the address on the SANYU STATIONERY SHOP receipt from 23 November 2017?,"NO. 31G&33G, JALAN SETIA INDAH X ,U13/X 40170 SETIA ALAM",A · dense RAG (Titan),NOT_FOUND,False,,358,4.6e-07
lo0094,single,lookup,total,How much was the receipt from SIN LIANHAP SDN BHD on 05 February 2018?,7.30,A · dense RAG (Titan),7.30,True,,367,4.8e-07
lo0095,single,lookup,address,What is the address on the EXQUISITE GARDEN SDN BHD receipt from 03 June 2018?,"LOT NO R134,GIANT HYPERMARKET PLENTONG NO3, JALAN MASAI LAMA 81750 MASAI. JAHOR BAHRU",A · dense RAG (Titan),"LOT NO R134, Giant Hypermarket Plentong
No3, Jalan Masai Lama
81750 Masai. Johor Bahru",False,,872,5.4e-07
lo0096,single,lookup,total,How much was the receipt from MY MYDIN SDN BHD on 15 January 2018?,5.50,A · dense RAG (Titan),5.50,True,,401,4.6e-07
lo0097,single,lookup,address,What is the address on the RESTORAN WAN SHENG receipt from 17 March 2018?,"NO.2, JALAN TEMENGGUNG 19/9, SEKSYEN 9, BANDAR MAHKOTA CHERAS, 43200 CHERAS, SELANGOR",A · dense RAG (Titan),"No.2, Jalan Temenggung 19/9,
Seksyen 9, Bandar Mahkota Cheras,
43200 Cheras, Selangor",True,,853,4.4e-07
lo0098,single,lookup,address,What is the address on the KOH SENG HARDWARE receipt from 01 February 2018?,"NO. 939, BATU LIMA, JALAN IPOH, 51200 KUALA LUMPUR.",A · dense RAG (Titan),"NO. 939, BATU LIMA, JALAN IPOH, 51200 KUALA LUMPUR",True,,700,4.4e-07
lo0099,single,lookup,address,What is the address on the GARDENIA BAKERIES (KL) SDN BHD receipt from 11 October 2017?,"LOT 3, JALAN PELABUR 23/1, 40300 SHAH ALAM, SELANGOR.",A · dense RAG (Titan),NOT_FOUND,False,,509,6e-07
lo0100,single,lookup,address,What is the address on the YIN MA (M) SDN.BHD. receipt from 31 January 2016?,"NO.2, JALAN UDANG SIAR 2, TAMAN SRI SEGAMBUT, 52000 KUALA LUMPUR.",A · dense RAG (Titan),"NO.2, JALAN UDANG SIAR 2,
TAMAN SRI SEGAMBUT,
52000 KUALA LUMPUR.",True,,804,5.4e-07
lo0101,single,lookup,address,What is the address on the UROKO JAPANESE CUISINE SDN BHD receipt from 20 March 2018?,"22A-1, JALAN 17/54, SECTION 17, 46400 PETALING JAYA, SELANGOR.",A · dense RAG (Titan),"22A-1, JALAN 17/54, SECTION 17, 46400 PETALING JAYA, SELANGOR.",True,,873,6e-07
lo0102,single,lookup,address,What is the address on the SWC ENTERPRISE SDN BHD receipt from 02 January 2018?,"8 & 10, JALAN IJOK PERMAI 1, PUSAT NIAGA IJOK PERMAI, 48000 IJOK, SELANGOR.",A · dense RAG (Titan),"8 & 10, Jalan Ijok Permai 1, Pusat Niaga Ijok Permai, 48000 Ijok, Selangor.",True,,857,5e-07
lo0103,single,lookup,address,What is the address on the VIVOPAC MARKETING SDN BHD receipt from 17 January 2017?,14 JALAN MANIS 4 TAMAN SEGAR 56100 KL,A · dense RAG (Titan),14 JALAN MANIS 4 TAMAN SEGAR 56100 KL,True,,614,5.2e-07
lo0104,single,lookup,total,How much was the receipt from GERBANG ALAF RESTAURANTS SDN BHD on 18 January 2018?,38.90,A · dense RAG (Titan),38.90,True,,380,5.6e-07
lo0105,single,lookup,address,What is the address on the MOONLIGHT CAKE HOUSE SDN BHD receipt from 07 June 2018?,"NO.1, JALAN PERMAS 10/5, BANDAR BARU PERMAS JAYA 81750 JOHOR BAHRU, JOHOR.",A · dense RAG (Titan),"No.1, Jalan Permas 10/5, Bandar Baru Permas Jaya
81750 Johor Bahru, Johor.",True,,963,5.2e-07
lo0106,single,lookup,address,What is the address on the DEWINA HOST SDN BHD receipt from 27 March 2018?,"LOT SATMZ 23, MEZZANINE LEVEL SATELLITE BUILDING KUALA LUMPUR INTERNATIONAL AIRPORT",A · dense RAG (Titan),NOT_FOUND,False,,398,4.8e-07
lo0107,single,lookup,total,How much was the receipt from GARDENIA BAKERIES (KL) SDN BHD on 02 September 2017?,48.57,A · dense RAG (Titan),NOT_FOUND,False,,508,5.8e-07
lo0108,single,lookup,total,How much was the receipt from POPULAR BOOK CO. (M) SDN BHD on 20 August 2017?,5.05,A · dense RAG (Titan),5.05,True,,469,5.4e-07
lo0109,single,lookup,address,What is the address on the MR. D.I.Y. (M) SDN BHD receipt from 06 May 2016?,"LOT 1851-A & 1851-B, JALAN KPB 6, KAWASAN PERINDUSTRIAN BALAKONG, 43300 SERI KEMBANGAN, SELANGOR",A · dense RAG (Titan),NOT_FOUND,False,,465,5.8e-07
lo0110,single,lookup,date,When was the UNIHAKKA INTERNATIONAL SDN BHD receipt for 6.60 issued?,20/03/2018,A · dense RAG (Titan),20 Mar 2018,True,,425,4.2e-07
lo0111,single,lookup,total,How much was the receipt from PASAR MINI JIN SENG on 03 March 2018?,33.80,A · dense RAG (Titan),33.80,True,,485,4.6e-07
lo0112,single,lookup,total,How much was the receipt from MR. D.I.Y. (M) SDN BHD on 22 April 2018?,27.20,A · dense RAG (Titan),NOT_FOUND,False,,469,5.6e-07
lo0113,single,lookup,date,When was the MODERN DEPOT SDN BHD receipt for 150.00 issued?,04/12/2016,A · dense RAG (Titan),04/12/2016,True,,487,4.2e-07
lo0114,single,lookup,total,How much was the receipt from TEO HENG STATIONERY & BOOKS on 15 March 2018?,127.20,A · dense RAG (Titan),127.20,True,,457,5e-07
lo0115,single,lookup,address,What is the address on the CROSS CHANNEL NETWORK SDN. BHD. receipt from 29 January 2018?,"47, JALAN MERANTI 1, SEK. 3, BANDAR UTAMA BATANG KALI, 44300 BATANG KALI, SELANGOR.",A · dense RAG (Titan),"47, JALAN MERANTI 1, SEK. 3, BANDAR UTAMA BATANG KALI, 44300 BATANG KALI, SELANGOR",True,,918,5e-07
lo0116,single,lookup,address,What is the address on the MR. D.I.Y. (M) SDN BHD receipt from 21 March 2018?,"LOT 1851-A & 1851-B, JALAN KPB 6, KAWASAN PERINDUSTRIAN BALAKONG, 43300 SERI KEMBANGAN, SELANGOR",A · dense RAG (Titan),"LOT 1851-A & 1851-B, JALAN KPB 6, KAWASAN PERINDUSTRIAN BALAKONG, 43300 SERI KEMBANGAN, SELANGOR",True,,1191,5.8e-07
lo0117,single,lookup,total,How much was the receipt from UNIHAKKA INTERNATIONAL SDN BHD on 07 March 2018?,8.20,A · dense RAG (Titan),NOT_FOUND,False,,337,4.8e-07
lo0118,single,lookup,address,What is the address on the NSK TRADE CITY-SELAYANG receipt from 27 October 2017?,LOT 4674 & 4675 SELAYANG BATU 8 JALAN IPOH 68100 BATU CAVES,A · dense RAG (Titan),"LOT 4674 & 4675 SELAYANG BATU 8
JALAN IPOH 68100 BATU CAVES",True,,804,4.6e-07
lo0119,single,lookup,address,What is the address on the KEDAI UBAT & RUNCIT HONG NING SDN. BHD. receipt from 24 December 2016?,"NO.8,JALAN LANG KUNING, KEPONG BARU, 52100 KUALA LUMPUR",A · dense RAG (Titan),"NO.8, JALAN LANG KUNING, KEPONG BARU, 52100 KUALA LUMPUR",True,,750,7e-07
lo0120,single,lookup,total,How much was the receipt from UNIHAKKA INTERNATIONAL SDN BHD on 04 May 2018?,6.60,A · dense RAG (Titan),NOT_FOUND,False,,337,4.8e-07
lo0121,single,lookup,total,How much was the receipt from GARDENIA BAKERIES (KL) SDN BHD on 29 August 2017?,37.90,A · dense RAG (Titan),NOT_FOUND,False,,509,5.8e-07
lo0122,single,lookup,date,When was the ROYALTEA receipt for 13.10 issued?,02/06/2018,A · dense RAG (Titan),02/06/2018,True,,452,3.4e-07
lo0123,single,lookup,address,What is the address on the GARDENIA BAKERIES (KL) SDN BHD receipt from 01 September 2017?,"LOT 3, JALAN PELABUR 23/1, 40300 SHAH ALAM, SELANGOR.",A · dense RAG (Titan),NOT_FOUND,False,,509,6e-07
lo0124,single,lookup,address,What is the address on the SYARIKAT KAM LAI SEONG SDN BHD receipt from 08 March 2018?,"NO. 1442, JALAN SK 11/5, SERI KEMBANGAN 43300 SELANGOR",A · dense RAG (Titan),"NO. 1442, JALAN SK 11/5, SERI KEMBANGAN 43300 SELANGOR",True,,891,6e-07
lo0125,single,lookup,address,What is the address on the KEDAI BUKU NEW ACHEIVERS receipt from 28 December 2017?,"NO. 12 & 14, JALAN JINJANG 27/54 TAMAN ALAM MEGAH, SEKSYEN 27 40400 SHAH ALAM, SELANGOR D. E.",A · dense RAG (Titan),"NO. 12 & 14, JALAN JINJANG 27/54
TAMAN ALAM MEGAH, SEKSYEN 27
40400 SHAH ALAM, SELANGOR D. E.",True,,1163,5.2e-07
lo0126,single,lookup,address,What is the address on the GUARDIAN HEALTH AND BEAUTY SDN BHD receipt from 01 January 2018?,"SOLARIS MOUNT KIARA NO.8 & 10, GF SOLARIS MOUNT KUARA JLN SOLARIS 5",A · dense RAG (Titan),"LOT B-005-006, BASEMENT LEVEL 1
THE STARLING MALL
JALAN SS21/60, DAMANSARA UTAMA.",False,,942,5.6e-07
lo0127,single,lookup,address,What is the address on the FLORISM DE ART receipt from 14 January 2018?,"LOT 2.70.00,LEVEL 2, PAVILION KUALA LUMPUR, 168, JALAN BUKIT BINTANG, 55100 KUALA LUMPUR, MALAYSIA.",A · dense RAG (Titan),"LOT 2.70.00, LEVEL 2, PAVILION KUALA LUMPUR, 168, JALAN BUKIT BINTANG, 55100 KUALA LUMPUR, MALAYSIA",True,,1102,4.2e-07
lo0128,single,lookup,date,When was the RESTORAN WAN SHENG receipt for 2.30 issued?,27/06/2018,A · dense RAG (Titan),27-06-2018,True,,404,3.6e-07
lo0129,single,lookup,total,How much was the receipt from CHOP YEW LIAN on 23 March 2017?,30.00,A · dense RAG (Titan),30.00,True,,351,4.2e-07
lo0130,single,lookup,total,How much was the receipt from RESTORAN WAN SHENG on 07 March 2018?,4.80,A · dense RAG (Titan),NOT_FOUND,False,,305,4.2e-07
lo0131,single,lookup,total,How much was the receipt from UNIHAKKA INTERNATIONAL SDN BHD on 14 June 2018?,10.15,A · dense RAG (Titan),NOT_FOUND,False,,337,4.8e-07
lo0132,single,lookup,total,How much was the receipt from MR. D.I.Y. (M) SDN BHD on 14 April 2018?,5.00,A · dense RAG (Titan),NOT_FOUND,False,,468,5.6e-07
lo0133,single,lookup,total,How much was the receipt from GARDENIA BAKERIES (KL) SDN BHD on 02 October 2017?,35.58,A · dense RAG (Titan),NOT_FOUND,False,,508,5.8e-07
lo0134,single,lookup,total,How much was the receipt from GRAND COMPANIONS SDN BHD on 03 March 2019?,269.40,A · dense RAG (Titan),NOT_FOUND,False,,375,4.8e-07
lo0135,single,lookup,address,What is the address on the GREAT ZONE HOUSEHOLD CENTRE SDN BHD receipt from 18 February 2018?,"60 & 62. JALAN CIKU, 86000,KLUANG",A · dense RAG (Titan),"60 & 62. Jalan Ciku, 86000, KLUANG",True,,657,5.6e-07
lo0136,single,lookup,total,How much was the receipt from SUPER SEVEN CASH & CARRY SDN BHD on 01 March 2018?,408.45,A · dense RAG (Titan),408.45,True,,569,5.4e-07
lo0137,single,lookup,total,How much was the receipt from HIGH FIVE ENTERPRISE on 05 April 2018?,95.48,A · dense RAG (Titan),95.48,True,,362,4.2e-07
lo0138,single,lookup,address,What is the address on the MAXINCOME RESOURCES SDN BHD receipt from 10 April 2018?,"NO 16A, JALAN ASTAKA U8/83, BUKIT JELUTONG, 40150 SHAH ALAM, SELANGOR, D.E.",A · dense RAG (Titan),"No 16A, Jalan Astaka U8/83, Bukit Jelutong. 40150 Shah Alam, Selangor, D.E.",True,,894,5e-07
lo0139,single,lookup,total,How much was the receipt from GERBANG ALAF RESTAURANTS SDN BHD on 30 April 2017?,47.15,A · dense RAG (Titan),NOT_FOUND,False,,337,5.6e-07
lo0140,single,lookup,address,What is the address on the 99 SPEED MART S/B receipt from 20 September 2016?,"LOT P.T. 33198, BATU 4 JALAN KAPAR, MUKIM KAPAR 42100 KLANG, SELANGOR 1558-TMN PUSAT KEPONG",A · dense RAG (Titan),NOT_FOUND,False,,319,4.4e-07
lo0141,single,lookup,address,What is the address on the PREMIO STATIONERY SDN BHD receipt from 20 March 2018?,"NO 57, JALAN SS 3/29, 47300 PETALING JAYA, SELANGOR",A · dense RAG (Titan),"No 57, Jalan SS 3/29, 47300 Petaling Jaya, Selangor.",True,,777,5.2e-07
lo0142,single,lookup,total,How much was the receipt from KECHARA VEGETARIAN RESTAURANT S/B on 15 May 2018?,64.50,A · dense RAG (Titan),64.50,True,,364,5.6e-07
lo0143,single,lookup,total,How much was the receipt from TS TOOLS HARDWARE & MACHINERY SDN BHD on 21 March 2018?,7.40,A · dense RAG (Titan),7.40,True,,367,5.8e-07
lo0144,single,lookup,total,How much was the receipt from BEYOND BROTHERS HARDWARE on 10 November 2017?,67.85,A · dense RAG (Titan),67.85,True,,382,4.8e-07
lo0145,single,lookup,date,When was the GOLDEN ARCHES RESTAURANTS SDN BHD receipt for 14.70 issued?,03/12/2016,A · dense RAG (Titan),03/12/2016,True,,471,4.8e-07
lo0146,single,lookup,total,How much was the receipt from UNIHAKKA INTERNATIONAL SDN BHD on 05 June 2018?,7.50,A · dense RAG (Titan),NOT_FOUND,False,,336,4.8e-07
lo0147,single,lookup,date,When was the AIK HUAT HARDWARE ENTERPRISE (SETIA ALAM) SDN BHD receipt for 28.00 issued?,22/09/2017,A · dense RAG (Titan),22/09/2017,True,,485,6.4e-07
lo0148,single,lookup,total,How much was the receipt from 99 SPEED MART S/B on 06 December 2016?,85.45,A · dense RAG (Titan),85.45,True,,362,4.2e-07
lo0149,single,lookup,date,When was the LA STATIONERY SDN BHD receipt for 56.80 issued?,09/02/2018,A · dense RAG (Titan),09/02/2018,True,,486,4e-07
lo0150,single,lookup,total,How much was the receipt from MR. D.I.Y. (M) SDN BHD on 27 April 2018?,1.90,A · dense RAG (Titan),NOT_FOUND,False,,469,5.6e-07
lo0151,single,lookup,total,How much was the receipt from SANYU STATIONERY SHOP on 28 October 2017?,21.90,A · dense RAG (Titan),NOT_FOUND,False,,373,4.4e-07
lo0152,single,lookup,address,What is the address on the UNIHAKKA INTERNATIONAL SDN BHD receipt from 03 May 2018?,"12, JALAN TAMPOI 7/4,KAWASAN PERINDUSTRIAN TAMPOI,81200 JOHOR BAHRU,JOHOR",A · dense RAG (Titan),NOT_FOUND,False,,357,5e-07
lo0153,single,lookup,address,What is the address on the AEON CO. (M) BHD receipt from 09 July 2017?,"3RD FLR, AEON TAMAN MALURI SC JLN JEJAKA, TAMAN MALURI CHERAS, 55100 KUALA LUMPUR",A · dense RAG (Titan),"3RD FLR, AEON TAMAN MALURI SC
JLN JEJAKA, TAMAN MALURI
CHERAS, 55100 KUALA LUMPUR",True,,1138,5e-07
lo0154,single,lookup,date,When was the KING'S CONFECTIONERY S/B receipt for 9.90 issued?,07/02/2017,A · dense RAG (Titan),07/02/17,True,,407,4e-07
lo0155,single,lookup,total,How much was the receipt from KEDAI PAPAN YEW CHUAN on 10 March 2018?,84.80,A · dense RAG (Titan),84.80,True,,461,5.2e-07
lo0156,single,lookup,total,How much was the receipt from SWC ENTERPRISE SDN BHD on 08 January 2018?,8.00,A · dense RAG (Titan),8.00,True,,335,4.8e-07
lo0157,single,lookup,total,How much was the receipt from GARDENIA BAKERIES (KL) SDN BHD on 27 October 2017?,35.88,A · dense RAG (Titan),NOT_FOUND,False,,509,5.8e-07
lo0158,single,lookup,total,How much was the receipt from LIM SENG THO HARDWARE TRADING on 08 February 2018?,10.50,A · dense RAG (Titan),10.50,True,,351,5e-07
lo0159,single,lookup,total,How much was the receipt from GARDENIA BAKERIES (KL) SDN BHD on 28 October 2017?,32.26,A · dense RAG (Titan),32.26,True,,527,5.8e-07
lo0160,single,lookup,date,When was the POPULAR BOOK CO. (M) SDN BHD receipt for 30.50 issued?,05/03/2018,A · dense RAG (Titan),05/03/18,True,,502,4.8e-07
lo0161,single,lookup,total,How much was the receipt from HON HWA HARDWARE TRADING on 21 September 2017?,10.40,A · dense RAG (Titan),10.40,True,,362,4.6e-07
lo0162,single,lookup,total,How much was the receipt from THE CUT STEAKHOUSE &BURGERS on 01 January 2017?,167.55,A · dense RAG (Titan),167.55,True,,415,4.8e-07
lo0163,single,lookup,total,How much was the receipt from SANYU STATIONERY SHOP on 12 September 2017?,8.70,A · dense RAG (Titan),8.70,True,,388,4.4e-07
lo0164,single,lookup,total,How much was the receipt from MR. D.I.Y. (M) SDN BHD on 11 January 2016?,32.80,A · dense RAG (Titan),32.80,True,,512,5.6e-07
lo0165,single,lookup,address,What is the address on the EVERGREEN LIGHT SDN BHD receipt from 10 July 2017?,"NO.7-1, JALAN PUTERI 7/11, BANDAR PUTERI, 47100 PUCHONG, BELANGOR",A · dense RAG (Titan),"NO.7-1, JALAN PUTERI 7/11,
BANDAR PUTERI,
47100 PUCHONG, BELANGOR",True,,938,4.6e-07
lo0166,single,lookup,address,What is the address on the POTTERS GARDEN SDN BHD receipt from 04 January 2018?,"BATU 11 . SG BULOH , 47000 SELANGOR .",A · dense RAG (Titan),"Batu 11. Sg Buloh, 47000 Selangor.",True,,720,5e-07
lo0167,single,lookup,total,How much was the receipt from AA PHARMACY on 29 January 2018?,46.20,A · dense RAG (Titan),46.20,True,,443,3.8e-07
lo0168,single,lookup,date,When was the UNIHAKKA INTERNATIONAL SDN BHD receipt for 7.30 issued?,06/05/2018,A · dense RAG (Titan),NOT_FOUND,False,,359,4.2e-07
lo0169,single,lookup,date,When was the UNIHAKKA INTERNATIONAL SDN BHD receipt for 8.20 issued?,02/05/2018,A · dense RAG (Titan),07 Jun 2018,False,,422,4.2e-07
lo0170,single,lookup,address,What is the address on the KEDAI PAPAN YEW CHUAN receipt from 16 March 2018?,"LOT 276 JALAN BANTING 43800 DENGKIL, SELANGOR.",A · dense RAG (Titan),"LOT 276 JALAN BANTING
43800 DENGKIL, SELANGOR",True,,742,5.4e-07
lo0171,single,lookup,date,When was the CHEF HENRY RIBS HOUSE receipt for 103.85 issued?,05/06/2018,A · dense RAG (Titan),05/06/2018,True,,451,4.2e-07
lo0172,single,lookup,total,How much was the receipt from GLOBAL FOOD EMPIRE SDN BHD on 01 May 2018?,38.35,A · dense RAG (Titan),38.35,True,,482,4.8e-07
lo0173,single,lookup,address,What is the address on the UNIHAKKA INTERNATIONAL SDN BHD receipt from 13 March 2018?,"12, JALAN TAMPOI 7/4,KAWASAN PERINDUSTRIAN TAMPOI,81200 JOHOR BAHRU,JOHOR",A · dense RAG (Titan),NOT_FOUND,False,,359,5e-07
lo0174,single,lookup,address,What is the address on the GARDENIA BAKERIES (KL) SDN BHD receipt from 24 September 2017?,"LOT 3, JALAN PELABUR 23/1, 40300 SHAH ALAM, SELANGOR.",A · dense RAG (Titan),NOT_FOUND,False,,510,6e-07
lo0175,single,lookup,total,How much was the receipt from C W KHOO HARDWARE SDN BHD on 31 March 2018?,14.65,A · dense RAG (Titan),14.65,True,,366,5e-07
lo0176,single,lookup,total,How much was the receipt from SYARIKAT PERNIAGAAN GIN KEE on 27 January 2018?,22.26,A · dense RAG (Titan),22.26,True,,402,5.8e-07
lo0177,single,lookup,total,How much was the receipt from RESTORAN WAN SHENG on 10 March 2018?,7.20,A · dense RAG (Titan),7.20,True,,334,4.2e-07
lo0178,single,lookup,total,How much was the receipt from SUPER SEVEN CASH & CARRY SDN BHD on 21 March 2018?,18.30,A · dense RAG (Titan),NOT_FOUND,False,,512,5.4e-07
lo0179,single,lookup,address,What is the address on the 99 SPEED MART S/B receipt from 10 March 2018?,"LOT P.T. 2811, JALAN ANGSA, TAMAN BERKELEY 41150 KLANG, SELANGOR 1572-TMN BKT PANDAN",A · dense RAG (Titan),NOT_FOUND,False,,321,4.4e-07
lo0180,single,lookup,total,How much was the receipt from KAISON FURNISHING SDN BHD on 25 March 2018?,18.70,A · dense RAG (Titan),18.70,True,,443,5e-07
lo0181,single,lookup,address,What is the address on the STAR GROCER SDN BHD receipt from 25 March 2018?,"NO 4, DESA PANDAN, OFF KAMPONG PANDAN, 55100 KUALA LUMPUR",A · dense RAG (Titan),"No 4, Desa Pandan, Off kampong Pandan, 55100 Kuala Lumpur",True,,671,4.8e-07
lo0182,single,lookup,address,What is the address on the OJC MARKETING SDN BHD receipt from 15 January 2019?,"NO 2 & 4, JALAN BAYU 4, BANDAR SERI ALAM, B1750 MASAI, JOHOR",A · dense RAG (Titan),"NO 2 & 4, JALAN BAYU 4, BANDAR SERI ALAM, 81750 MASAI, JOHOR",False,,798,4.8e-07
lo0183,single,lookup,date,When was the SANYU STATIONERY SHOP receipt for 8.70 issued?,14/10/2017,A · dense RAG (Titan),05/04/2017,False,,474,3.8e-07
lo0184,single,lookup,total,How much was the receipt from UNIHAKKA INTERNATIONAL SDN BHD on 26 March 2018?,8.20,A · dense RAG (Titan),8.20,True,,367,4.8e-07
lo0185,single,lookup,total,How much was the receipt from RESTORAN HWA MUI SUTERA SDN BHD on 29 April 2018?,91.50,A · dense RAG (Titan),91.50,True,,381,5.8e-07
lo0186,single,lookup,date,When was the RESTORAN HOETIM receipt for 83.00 issued?,28/05/2018,A · dense RAG (Titan),28/05/2018,True,,432,3.6e-07
lo0187,single,lookup,address,What is the address on the SUPER SEVEN CASH & CARRY SDN BHD receipt from 27 January 2018?,"NO. 1 JALAN EURO 1 OFF JALAN BATU TIGA SUNGAI BULOH SEKSYEN U3 SHAH ALAM, 40150",A · dense RAG (Titan),"NO. 1 JALAN EURO 1
OFF JALAN BATU TIGA
SUNGAI BULOH SEKSIUN U3 SHAH ALAM, 40150",False,,1067,5.6e-07
lo0188,single,lookup,total,How much was the receipt from GUDANG HASIL RESTAURANT SDN BHD on 02 December 2016?,15.80,A · dense RAG (Titan),NOT_FOUND,False,,307,5.6e-07
lo0189,single,lookup,address,What is the address on the MOONLIGHT CAKE HOUSE SDN BHD receipt from 02 June 2018?,"NO.1, JALAN PERMAS 10/5, BANDAR BARU PERMAS JAYA 81750 JOHOR BAHRU, JOHOR.",A · dense RAG (Titan),"No.1, Jalan Permas 10/5, Bandar Baru Permas Jaya
81750 Johor Bahru, Johor.",True,,962,5.2e-07
lo0190,single,lookup,total,How much was the receipt from BIRU PETROLEUM on 11 November 2016?,6.40,A · dense RAG (Titan),6.40,True,,296,4.2e-07
lo0191,single,lookup,total,How much was the receipt from UNIHAKKA INTERNATIONAL SDN BHD on 12 May 2018?,6.60,A · dense RAG (Titan),NOT_FOUND,False,,336,4.8e-07
lo0192,single,lookup,total,How much was the receipt from RESTORAN WAN SHE on 29 September 2017?,164.40,A · dense RAG (Titan),164.40,True,,351,4e-07
lo0193,single,lookup,total,How much was the receipt from TRIPLE SIX POINT ENTERPRISE 666 on 23 April 2018?,157.90,A · dense RAG (Titan),157.90,True,,432,4.8e-07
lo0194,single,lookup,address,What is the address on the RESTORAN WAN SHENG receipt from 11 May 2018?,"NO.2, JALAN TEMENGGUNG 19/9, SEKSYEN 9, BANDAR MAHKOTA CHERAS, 43200 CHERAS, SELANGOR",A · dense RAG (Titan),NOT_FOUND,False,,294,4.4e-07
lo0195,single,lookup,date,When was the F&P PHARMACY receipt for 31.90 issued?,02/03/2018,A · dense RAG (Titan),02/03/2018,True,,528,3.4e-07
lo0196,single,lookup,address,What is the address on the GARDENIA BAKERIES (KL) SDN BHD receipt from 07 October 2017?,"LOT 3, JALAN PELABUR 23/1, 40300 SHAH ALAM, SELANGOR.",A · dense RAG (Titan),NOT_FOUND,False,,510,6e-07
lo0197,single,lookup,address,What is the address on the AEON CO. (M) BHD receipt from 17 June 2018?,"3RD FLR, AEON TAMAN MALURI SC JLN JEJAKA, TAMAN MALURI CHERAS, 55100 KUALA LUMPUR",A · dense RAG (Titan),NOT_FOUND,False,,561,5e-07
lo0198,single,lookup,total,How much was the receipt from CONTENTO on 20 March 2018?,21.60,A · dense RAG (Titan),21.60,True,,348,3.4e-07
lo0199,single,lookup,total,How much was the receipt from CHA FOR TEA on 19 April 2018?,46.25,A · dense RAG (Titan),46.25,True,,380,4e-07
ag0200,single,aggregate,sum_total,How much did I spend at GERBANG ALAF RESTAURANTS SDN BHD in total?,262.20,A · dense RAG (Titan),8.50,False,,371,4.6e-07
ag0201,single,aggregate,count,How many receipts do I have from GERBANG ALAF RESTAURANTS SDN BHD?,7,A · dense RAG (Titan),5,False,,323,4.4e-07
ag0202,single,aggregate,max_total,What was my largest single purchase at GERBANG ALAF RESTAURANTS SDN BHD?,109.05,A · dense RAG (Titan),NOT_FOUND,False,,337,4.4e-07
ag0203,single,aggregate,sum_total,How much did I spend at SWC ENTERPRISE SDN BHD in total?,16.20,A · dense RAG (Titan),8.00,False,,351,3.8e-07
ag0204,single,aggregate,count,How many receipts do I have from SWC ENTERPRISE SDN BHD?,3,A · dense RAG (Titan),2,False,,307,3.6e-07
ag0205,single,aggregate,max_total,What was my largest single purchase at SWC ENTERPRISE SDN BHD?,8.00,A · dense RAG (Titan),NOT_FOUND,False,,322,3.6e-07
ag0206,single,aggregate,sum_total,How much did I spend at 99 SPEED MART S/B in total?,779.15,A · dense RAG (Titan),71.60,False,,363,3.2e-07
ag0207,single,aggregate,count,How many receipts do I have from 99 SPEED MART S/B?,13,A · dense RAG (Titan),5,False,,306,3e-07
ag0208,single,aggregate,max_total,What was my largest single purchase at 99 SPEED MART S/B?,262.20,A · dense RAG (Titan),NOT_FOUND,False,,320,3e-07
ag0209,single,aggregate,sum_total,How much did I spend at UNIHAKKA INTERNATIONAL SDN BHD in total?,221.20,A · dense RAG (Titan),NOT_FOUND,False,,338,3.8e-07
ag0210,single,aggregate,count,How many receipts do I have from UNIHAKKA INTERNATIONAL SDN BHD?,27,A · dense RAG (Titan),5,False,,324,3.6e-07
ag0211,single,aggregate,max_total,What was my largest single purchase at UNIHAKKA INTERNATIONAL SDN BHD?,12.20,A · dense RAG (Titan),NOT_FOUND,False,,337,3.6e-07
ag0212,single,aggregate,sum_total,How much did I spend at PASARAYA BORONG PINTAR SDN BHD in total?,15.35,A · dense RAG (Titan),10.40,False,,361,4.8e-07
ag0213,single,aggregate,count,How many receipts do I have from PASARAYA BORONG PINTAR SDN BHD?,5,A · dense RAG (Titan),5,True,,305,4.6e-07
ag0214,single,aggregate,max_total,What was my largest single purchase at PASARAYA BORONG PINTAR SDN BHD?,10.40,A · dense RAG (Titan),NOT_FOUND,False,,320,4.6e-07
ag0215,single,aggregate,sum_total,How much did I spend at POPULAR BOOK CO. (M) SDN BHD in total?,227.00,A · dense RAG (Titan),140.65,False,,474,4.4e-07
ag0216,single,aggregate,count,How many receipts do I have from POPULAR BOOK CO. (M) SDN BHD?,6,A · dense RAG (Titan),5,False,,403,4.2e-07
ag0217,single,aggregate,max_total,What was my largest single purchase at POPULAR BOOK CO. (M) SDN BHD?,140.65,A · dense RAG (Titan),NOT_FOUND,False,,417,4.2e-07
ag0218,single,aggregate,sum_total,How much did I spend at HON HWA HARDWARE TRADING in total?,42.20,A · dense RAG (Titan),19.60,False,,369,3.6e-07
ag0219,single,aggregate,count,How many receipts do I have from HON HWA HARDWARE TRADING?,4,A · dense RAG (Titan),3,False,,306,3.4e-07
ag0220,single,aggregate,max_total,What was my largest single purchase at HON HWA HARDWARE TRADING?,19.60,A · dense RAG (Titan),19.60,True,,364,3.4e-07
ag0221,single,aggregate,sum_total,How much did I spend at AEON CO. (M) BHD in total?,819.65,A · dense RAG (Titan),147.45,False,,635,3.8e-07
ag0222,single,aggregate,count,How many receipts do I have from AEON CO. (M) BHD?,8,A · dense RAG (Titan),5,False,,561,3.6e-07
ag0223,single,aggregate,max_total,What was my largest single purchase at AEON CO. (M) BHD?,458.55,A · dense RAG (Titan),369.00,False,,634,3.6e-07
ag0224,single,aggregate,sum_total,How much did I spend at LIM SENG THO HARDWARE TRADING in total?,25.90,A · dense RAG (Titan),10.50,False,,350,4e-07
ag0225,single,aggregate,count,How many receipts do I have from LIM SENG THO HARDWARE TRADING?,3,A · dense RAG (Titan),3,True,,293,3.8e-07
ag0226,single,aggregate,max_total,What was my largest single purchase at LIM SENG THO HARDWARE TRADING?,10.50,A · dense RAG (Titan),15.00,False,,361,3.8e-07
ag0227,single,aggregate,sum_total,How much did I spend at SYARIKAT PERNIAGAAN GIN KEE in total?,822.35,A · dense RAG (Titan),72.08,False,,402,4.8e-07
ag0228,single,aggregate,count,How many receipts do I have from SYARIKAT PERNIAGAAN GIN KEE?,11,A · dense RAG (Titan),5,False,,345,4.6e-07
ag0229,single,aggregate,max_total,What was my largest single purchase at SYARIKAT PERNIAGAAN GIN KEE?,190.80,A · dense RAG (Titan),NOT_FOUND,False,,374,4.6e-07
ag0230,single,aggregate,sum_total,How much did I spend at WESTERN EASTERN STATIONERY SDN. BHD in total?,57.72,A · dense RAG (Titan),7.42,False,,348,4.4e-07
ag0231,single,aggregate,count,How many receipts do I have from WESTERN EASTERN STATIONERY SDN. BHD?,3,A · dense RAG (Titan),2,False,,305,4.2e-07
ag0232,single,aggregate,max_total,What was my largest single purchase at WESTERN EASTERN STATIONERY SDN. BHD?,42.88,A · dense RAG (Titan),NOT_FOUND,False,,306,4.2e-07
ag0233,single,aggregate,sum_total,How much did I spend at RESTORAN WAN SHENG in total?,92.30,A · dense RAG (Titan),7.20,False,,322,3.2e-07
ag0234,single,aggregate,count,How many receipts do I have from RESTORAN WAN SHENG?,14,A · dense RAG (Titan),5,False,,279,3e-07
ag0235,single,aggregate,max_total,What was my largest single purchase at RESTORAN WAN SHENG?,17.60,A · dense RAG (Titan),NOT_FOUND,False,,294,3e-07
ag0236,single,aggregate,sum_total,How much did I spend at KEDAI PAPAN YEW CHUAN in total?,1078.55,A · dense RAG (Titan),135.68,False,,473,4.2e-07
ag0237,single,aggregate,count,How many receipts do I have from KEDAI PAPAN YEW CHUAN?,7,A · dense RAG (Titan),5,False,,402,4e-07
ag0238,single,aggregate,max_total,What was my largest single purchase at KEDAI PAPAN YEW CHUAN?,283.55,A · dense RAG (Titan),NOT_FOUND,False,,417,4e-07
ag0239,single,aggregate,sum_total,How much did I spend at YONG CEN ENTERPRISE in total?,258.50,A · dense RAG (Titan),103.00,False,,365,3.4e-07
ag0240,single,aggregate,count,How many receipts do I have from YONG CEN ENTERPRISE?,4,A · dense RAG (Titan),3,False,,293,3.2e-07
ag0241,single,aggregate,max_total,What was my largest single purchase at YONG CEN ENTERPRISE?,108.00,A · dense RAG (Titan),50.00,False,,351,3.2e-07
ag0242,single,aggregate,sum_total,How much did I spend at SUPER SEVEN CASH & CARRY SDN BHD in total?,527.85,A · dense RAG (Titan),408.45,False,,568,4.4e-07
ag0243,single,aggregate,count,How many receipts do I have from SUPER SEVEN CASH & CARRY SDN BHD?,4,A · dense RAG (Titan),4,True,,496,4.2e-07
ag0244,single,aggregate,max_total,What was my largest single purchase at SUPER SEVEN CASH & CARRY SDN BHD?,408.45,A · dense RAG (Titan),49.66,False,,555,4.2e-07
ag0245,single,aggregate,sum_total,How much did I spend at SEGI CASH & CARRY SDN. BHD. in total?,902.65,A · dense RAG (Titan),674.00,False,,502,4.6e-07
ag0246,single,aggregate,count,How many receipts do I have from SEGI CASH & CARRY SDN. BHD.?,3,A · dense RAG (Titan),2,False,,428,4.2e-07
ag0247,single,aggregate,max_total,What was my largest single purchase at SEGI CASH & CARRY SDN. BHD.?,674.00,A · dense RAG (Titan),NOT_FOUND,False,,512,4.2e-07
ag0248,single,aggregate,sum_total,How much did I spend at GUARDIAN HEALTH AND BEAUTY SDN BHD in total?,140.61,A · dense RAG (Titan),108.21,False,,415,4.4e-07
ag0249,single,aggregate,count,How many receipts do I have from GUARDIAN HEALTH AND BEAUTY SDN BHD?,3,A · dense RAG (Titan),3,True,,344,4.2e-07
ag0250,single,aggregate,max_total,What was my largest single purchase at GUARDIAN HEALTH AND BEAUTY SDN BHD?,108.21,A · dense RAG (Titan),NOT_FOUND,False,,417,4.2e-07
ag0251,single,aggregate,sum_total,How much did I spend at MR. D.I.Y. (M) SDN BHD in total?,363.80,A · dense RAG (Titan),59.20,False,,517,4.6e-07
ag0252,single,aggregate,count,How many receipts do I have from MR. D.I.Y. (M) SDN BHD?,12,A · dense RAG (Titan),5,False,,453,4.4e-07
ag0253,single,aggregate,max_total,What was my largest single purchase at MR. D.I.Y. (M) SDN BHD?,96.90,A · dense RAG (Titan),NOT_FOUND,False,,468,4.4e-07
ag0254,single,aggregate,sum_total,How much did I spend at PRINT EXPERT SDN BHD in total?,550.35,A · dense RAG (Titan),226.60,False,,433,3.4e-07
ag0255,single,aggregate,count,How many receipts do I have from PRINT EXPERT SDN BHD?,3,A · dense RAG (Titan),2,False,,411,3.2e-07
ag0256,single,aggregate,max_total,What was my largest single purchase at PRINT EXPERT SDN BHD?,226.60,A · dense RAG (Titan),3180,False,,446,3.2e-07
ag0257,single,aggregate,sum_total,How much did I spend at KING'S CONFECTIONERY S/B in total?,114.60,A · dense RAG (Titan),9.90,False,,365,3.6e-07
ag0258,single,aggregate,count,How many receipts do I have from KING'S CONFECTIONERY S/B?,4,A · dense RAG (Titan),3,False,,322,3.4e-07
ag0259,single,aggregate,max_total,What was my largest single purchase at KING'S CONFECTIONERY S/B?,70.00,A · dense RAG (Titan),58.00,False,,404,3.4e-07
ag0260,single,aggregate,sum_total,How much did I spend at BEMED (SP) SDN. BHD. in total?,533.00,A · dense RAG (Titan),203.00,False,,396,4.4e-07
ag0261,single,aggregate,count,How many receipts do I have from BEMED (SP) SDN. BHD.?,3,A · dense RAG (Titan),4,False,,293,4e-07
ag0262,single,aggregate,max_total,What was my largest single purchase at BEMED (SP) SDN. BHD.?,203.00,A · dense RAG (Titan),165,False,,334,4e-07
ag0263,single,aggregate,sum_total,How much did I spend at GARDENIA BAKERIES (KL) SDN BHD in total?,1104.55,A · dense RAG (Titan),NOT_FOUND,False,,510,4.8e-07
ag0264,single,aggregate,count,How many receipts do I have from GARDENIA BAKERIES (KL) SDN BHD?,31,A · dense RAG (Titan),5,False,,494,4.6e-07
ag0265,single,aggregate,max_total,What was my largest single purchase at GARDENIA BAKERIES (KL) SDN BHD?,84.78,A · dense RAG (Titan),NOT_FOUND,False,,509,4.6e-07
ag0266,single,aggregate,sum_total,How much did I spend at YIN MA (M) SDN.BHD. in total?,52.60,A · dense RAG (Titan),32.70,False,,351,4.2e-07
ag0267,single,aggregate,count,How many receipts do I have from YIN MA (M) SDN.BHD.?,3,A · dense RAG (Titan),2,False,,325,3.8e-07
ag0268,single,aggregate,max_total,What was my largest single purchase at YIN MA (M) SDN.BHD.?,32.70,A · dense RAG (Titan),NOT_FOUND,False,,402,3.8e-07
ag0269,single,aggregate,sum_total,How much did I spend at KEDAI UBAT & RUNCIT HONG NING SDN. BHD. in total?,738.65,A · dense RAG (Titan),676.00,False,,395,5.8e-07
ag0270,single,aggregate,count,How many receipts do I have from KEDAI UBAT & RUNCIT HONG NING SDN. BHD.?,4,A · dense RAG (Titan),3,False,,343,5.4e-07
ag0271,single,aggregate,max_total,What was my largest single purchase at KEDAI UBAT & RUNCIT HONG NING SDN. BHD.?,676.00,A · dense RAG (Titan),540.00,False,,396,5.4e-07
ag0272,single,aggregate,sum_total,How much did I spend at MR. D.I.Y. (KUCHAI) SDN BHD in total?,75.90,A · dense RAG (Titan),34.40,False,,415,5e-07
ag0273,single,aggregate,count,How many receipts do I have from MR. D.I.Y. (KUCHAI) SDN BHD?,4,A · dense RAG (Titan),1,False,,388,4.8e-07
ag0274,single,aggregate,max_total,What was my largest single purchase at MR. D.I.Y. (KUCHAI) SDN BHD?,34.40,A · dense RAG (Titan),NOT_FOUND,False,,444,4.8e-07
ag0275,single,aggregate,sum_total,How much did I spend at SANYU STATIONERY SHOP in total?,99.50,A · dense RAG (Titan),3.30,False,,388,3.4e-07
ag0276,single,aggregate,count,How many receipts do I have from SANYU STATIONERY SHOP?,13,A · dense RAG (Titan),5,False,,345,3.2e-07
ag0277,single,aggregate,max_total,What was my largest single purchase at SANYU STATIONERY SHOP?,21.90,A · dense RAG (Titan),NOT_FOUND,False,,359,3.2e-07
ag0278,single,aggregate,sum_total,How much did I spend at MOONLIGHT CAKE HOUSE SDN BHD in total?,59.40,A · dense RAG (Titan),16.20,False,,524,4e-07
ag0279,single,aggregate,count,How many receipts do I have from MOONLIGHT CAKE HOUSE SDN BHD?,3,A · dense RAG (Titan),3,True,,465,3.8e-07
ag0280,single,aggregate,max_total,What was my largest single purchase at MOONLIGHT CAKE HOUSE SDN BHD?,28.20,A · dense RAG (Titan),NOT_FOUND,False,,482,3.8e-07
ag0281,single,aggregate,sum_year,How much did I spend in total during 2016?,2267.75,A · dense RAG (Titan),676.00,False,,379,2.6e-07
ag0282,single,aggregate,count_year,How many receipts do I have from 2016?,31,A · dense RAG (Titan),1,False,,306,2.4e-07
ag0283,single,aggregate,sum_year,How much did I spend in total during 2017?,6199.66,A · dense RAG (Titan),NOT_FOUND,False,,338,2.6e-07
ag0284,single,aggregate,count_year,How many receipts do I have from 2017?,105,A · dense RAG (Titan),NOT_FOUND,False,,403,2.4e-07
ag0285,single,aggregate,sum_year,How much did I spend in total during 2018?,12500.91,A · dense RAG (Titan),NOT_FOUND,False,,337,2.6e-07
ag0286,single,aggregate,count_year,How many receipts do I have from 2018?,203,A · dense RAG (Titan),2,False,,325,2.4e-07
lo0000,single,lookup,date,When was the MR. D.I.Y. (M) SDN BHD receipt for 6.20 issued?,23/03/2018,B · router,NOT_FOUND,False,vector,1312,0.0
lo0001,single,lookup,address,What is the address on the SANYU STATIONERY SHOP receipt from 24 October 2017?,"NO. 31G&33G, JALAN SETIA INDAH X ,U13/X 40170 SETIA ALAM",B · router,NOT_FOUND,False,vector,758,0.0
lo0002,single,lookup,total,How much was the receipt from GERBANG ALAF RESTAURANTS SDN BHD on 24 June 2018?,7.35,B · router,7.35,True,vector,819,0.0
lo0003,single,lookup,total,How much was the receipt from ALI BABA INTERNATIONAL SDN BHD on 19 February 2018?,23.80,B · router,NOT_FOUND,False,vector,718,0.0
lo0004,single,lookup,address,What is the address on the GARDENIA BAKERIES (KL) SDN BHD receipt from 07 August 2017?,"LOT 3, JALAN PELABUR 23/1, 40300 SHAH ALAM, SELANGOR.",B · router,NOT_FOUND,False,vector,942,0.0
lo0005,single,lookup,total,How much was the receipt from MR. D.I.Y. (KUCHAI) SDN BHD on 10 January 2016?,8.10,B · router,NOT_FOUND,False,vector,805,0.0
lo0006,single,lookup,address,What is the address on the KOREAN DINE SDN BHD receipt from 19 June 2018?,"NO 4, JALAN PERMAS 10/5. BANDAR BARU PERMAS JAYA, 81750 JOHOR BAHRU, JOHOR.",B · router,"No 4, Jalan Permas 10/5.
Bandar Baru Permas Jaya,
81750 Johor Bahru, Johor.",True,vector,1201,0.0
lo0007,single,lookup,address,What is the address on the UNIHAKKA INTERNATIONAL SDN BHD receipt from 25 March 2018?,"12, JALAN TAMPOI 7/4,KAWASAN PERINDUSTRIAN TAMPOI,81200 JOHOR BAHRU,JOHOR",B · router,NOT_FOUND,False,vector,695,0.0
lo0008,single,lookup,total,How much was the receipt from MEI LET RESTAURANT on 12 January 2017?,59.35,B · router,NOT_FOUND,False,vector,763,0.0
lo0009,single,lookup,total,How much was the receipt from RESTORAN WAN SHENG on 05 May 2018?,7.60,B · router,NOT_FOUND,False,vector,693,0.0
lo0010,single,lookup,total,How much was the receipt from AEON CO. (M) BHD on 11 May 2018?,458.55,B · router,NOT_FOUND,False,vector,750,0.0
lo0011,single,lookup,total,How much was the receipt from YHM MID VALLEY on 15 December 2017?,21.60,B · router,21.60,True,vector,707,0.0
lo0012,single,lookup,address,What is the address on the GUARDIAN HEALTH AND BEAUTY SDN BHD receipt from 09 March 2018?,"G31 & G32, GRD FLR, IOI MALL BANDAR PUCHONG JAYA",B · router,"631 & G32, Grd Flr, 101 Mall",False,vector,1004,0.0
lo0013,single,lookup,total,How much was the receipt from MR. D. I. Y. (KUCHAI) SDN BHD on 19 March 2018?,11.90,B · router,NOT_FOUND,False,vector,854,0.0
lo0014,single,lookup,total,How much was the receipt from TED HENG STATIONERY & BOOKS on 27 January 2018?,27.35,B · router,NOT_FOUND,False,vector,750,0.0
lo0015,single,lookup,total,How much was the receipt from YIN MA (M) SDN.BHD. on 19 July 2016?,14.50,B · router,NOT_FOUND,False,vector,739,0.0
lo0016,single,lookup,address,What is the address on the UNIHAKKA INTERNATIONAL SDN BHD receipt from 21 May 2018?,"2, JALAN TAMPOI 7/4,KAWASAN PERINDUSTRIAN TAMPOI,81200 JOHOR BAHRU,JOHOR",B · router,NOT_FOUND,False,vector,699,0.0
lo0017,single,lookup,address,What is the address on the GARDENIA BAKERIES (KL) SDN BHD receipt from 12 September 2017?,"LOT 3, JALAN PELABUR 23/1, 40300 SHAH ALAM, SELANGOR.",B · router,"Lot 3, Jalan Pelabur 23/1,
40300 Shah Alam, Selangor.",True,vector,1306,0.0
lo0018,single,lookup,address,What is the address on the KOH SENG HARDWARE receipt from 04 December 2017?,"NO. 939, BATU LIMA, JALAN IPOH, 51200 KUALA LUMPUR.",B · router,"NO. 939, BATU LIMA, JALAN IPOH, 51200 KUALA LUMPUR",True,vector,1070,0.0
lo0019,single,lookup,date,When was the BENS INDEPENDENT GROCER SDN. BHD receipt for 133.70 issued?,09/03/2018,B · router,NOT_FOUND,False,vector,709,0.0
lo0020,single,lookup,total,How much was the receipt from KEDA PAPAN YEW CHJAN on 08 March 2018?,312.70,B · router,135.68,False,vector,855,0.0
lo0021,single,lookup,total,How much was the receipt from MR. D.I.Y. (KUCHAI) SDN BHD on 11 January 2016?,7.00,B · router,NOT_FOUND,False,vector,780,0.0
lo0022,single,lookup,date,When was the DREAM ARTS receipt for 15.00 issued?,29/03/2018,B · router,29/03/2018,True,vector,788,0.0
lo0023,single,lookup,date,When was the SWC ENTERPRISE SDN BHD receipt for 4.00 issued?,06/03/2018,B · router,06/03/2018,True,vector,769,0.0
lo0024,single,lookup,date,When was the SUPER TERMINAL SDN BHD receipt for 132.50 issued?,20/01/2018,B · router,NOT_FOUND,False,vector,664,0.0
lo0025,single,lookup,date,When was the SYARIKAT PERNIAGAAN GIN KEE receipt for 11.13 issued?,15/01/2018,B · router,NOT_FOUND,False,vector,776,0.0
lo0026,single,lookup,address,What is the address on the GARDENIA BAKERIES (KL) SDN BHD receipt from 16 October 2017?,"LOT 3, JALAN PELABUR 23/1, 40300 SHAH ALAM, SELANGOR.",B · router,NOT_FOUND,False,vector,942,0.0
lo0027,single,lookup,total,How much was the receipt from SYARIKAT PERNIAGAAN GIN KEE on 30 December 2017?,89.04,B · router,89.04,True,vector,886,0.0
lo0028,single,lookup,address,What is the address on the BHPETROL PERMAS JAYA 2 receipt from 08 May 2018?,"LOT PTD 101051 JALAN PERMAS 10/10 81750 MASAI, JOHOR",B · router,"Jalan Permas 10/10
81750 Masai, Johor",True,vector,1015,0.0
lo0029,single,lookup,total,How much was the receipt from B & BEST RESTAURANT on 19 April 2017?,14.85,B · router,14.85,True,vector,763,0.0
lo0030,single,lookup,date,When was the UNIHAKKA INTERNATIONAL SDN BHD receipt for 8.90 issued?,14/04/2018,B · router,NOT_FOUND,False,vector,654,0.0
lo0031,single,lookup,total,How much was the receipt from KEDAI BUKU NEW ACHEIVERS on 15 September 2017?,48.00,B · router,48.00,True,vector,857,0.0
lo0032,single,lookup,total,How much was the receipt from HENG KEE DELIGHTS BAK KUT TEH. on 04 January 2018?,42.00,B · router,42.00,True,vector,855,0.0
lo0033,single,lookup,address,What is the address on the 99 SPEED MART S/B receipt from 26 March 2018?,"LOT P.T. 2811, JALAN ANGSA, TAMAN BERKELEY 41150 KLANG, SELANGOR 1330 JLN KENANGA",B · router,NOT_FOUND,False,vector,723,0.0
lo0034,single,lookup,total,How much was the receipt from UNIHAKKA INTERNATIONAL SDN BHD on 06 April 2018?,7.60,B · router,NOT_FOUND,False,vector,720,0.0
lo0035,single,lookup,date,When was the GERBANG ALAF RESTAURANTS SDN BHD receipt for 19.00 issued?,30/05/2018,B · router,30/05/2018,True,vector,847,0.0
lo0036,single,lookup,total,How much was the receipt from AEON CO. (M) BHD on 21 March 2018?,65.10,B · router,65.10,True,vector,791,0.0
lo0037,single,lookup,date,When was the PERNIAGAAN ZHENG HUI receipt for 436.20 issued?,09/02/2018,B · router,NOT_FOUND,False,vector,699,0.0
lo0038,single,lookup,address,What is the address on the FIVE STAR CASH & CARRY receipt from 05 January 2017?,"G.23 & G.22, PLAZA SERI SETIA, NO.1 JALAN SS 9/1, 47300 PJ, SELANGOR.",B · router,NOT_FOUND,False,vector,707,0.0
lo0039,single,lookup,address,What is the address on the GARDENIA BAKERIES (KL) SDN BHD receipt from 26 September 2017?,"LOT 3, JALAN PELABUR 23/1, 40300 SHAH ALAM, SELANGOR.",B · router,"Lot 3, Jalan Pelabur 23/1,
40300 Shah Alam, Selangor.",True,vector,1295,0.0
lo0040,single,lookup,total,How much was the receipt from BOOK TALK (MUTIARA RINI) SDN BHD on 21 June 2018?,9.30,B · router,9.30,True,vector,834,0.0
lo0041,single,lookup,total,How much was the receipt from UNIHAKKA INTERNATIONAL SDN BHD on 05 April 2018?,6.90,B · router,NOT_FOUND,False,vector,721,0.0
lo0042,single,lookup,address,What is the address on the ANEKA INTERTRADE MARKETING SDN BHD receipt from 19 June 2017?,"150B, JALAN TUDM,KG BARU SUBANG 40150 SHAH ALAM, SELANGOR DARUL EHSAN, MALAYSIA.",B · router,"150B, JALAN TUDM, KG BARU SUBANG, 40150 SHAH ALAM, SELANGOR DARUL EHSAN, MALAYSIA",True,vector,1310,0.0
lo0043,single,lookup,total,How much was the receipt from KEDAI UBAT & RUNCIT HONG NING SDN. BHD. on 21 December 2016?,8.00,B · router,29.10,False,vector,916,0.0
lo0044,single,lookup,address,What is the address on the 99 SPEED MART S/B receipt from 19 October 2016?,"LOT P.T. 33198, BATU 4 JALAN KAPAR, MUKIM KAPAR 42100 KLANG, SELANGOR 1558-TMN PUSAT KEPONG",B · router,"LOT P.T. 33198, BATU 4
JALAN KAPAR, MUKIM KAPAR
42100 KLANG, SELANGOR",True,vector,1275,0.0
lo0045,single,lookup,total,How much was the receipt from SANYU STATIONERY SHOP on 24 September 2017?,8.70,B · router,8.70,True,vector,792,0.0
lo0046,single,lookup,total,How much was the receipt from VIVOPAC MARKETING SDN BHD on 13 September 2017?,52.45,B · router,52.45,True,vector,825,0.0
lo0047,single,lookup,total,How much was the receipt from RESTORAN WAN SHENG on 21 March 2018?,4.80,B · router,NOT_FOUND,False,vector,707,0.0
lo0048,single,lookup,address,What is the address on the UNIHAKKA INTERNATIONAL SDN BHD receipt from 13 June 2018?,"12, JALAN TAMPOI 7/4,KAWASAN PERINDUSTRIAN TAMPOI,81200 JOHOR BAHRU, JOHOR",B · router,NOT_FOUND,False,vector,697,0.0
lo0049,single,lookup,address,What is the address on the SEN LEE HEONG RESTAURANT receipt from 12 January 2018?,"G-0-1 ,M.AVENUE NO.1 ,JLN 1/38A, SEGAMBUT BAHAGIA,51200, K.LUMPUL",B · router,"G-O-1,M.AVENUE NO.1,JLN 1/38A, SEGAMBUT BAHAGIA, 51200, K. LUMPUL",False,vector,1289,0.0
lo0050,single,lookup,total,How much was the receipt from 99 SPEED MART S/B on 31 March 2018?,4.00,B · router,NOT_FOUND,False,vector,654,0.0
lo0051,single,lookup,address,What is the address on the THE TOAST F&B SDN BHD receipt from 19 May 2018?,"LOT 2110&2111 JALAN PERMAS UTARA BANDAR BARU PERMAS 81750,JOHOR BAHRU JOHOR",B · router,NOT_FOUND,False,vector,721,0.0
lo0052,single,lookup,address,What is the address on the 118 MJ MOOKATA HOUSE receipt from 11 June 2018?,"NO.7G,JALAN PERMAS 11, BANDAR BARU PERMAS JAYA, 81750 MASAI, JOHOR.",B · router,NOT_FOUND,False,vector,708,0.0
lo0053,single,lookup,total,How much was the receipt from PETRON BKT LANJAN SB on 01 February 2018?,4.90,B · router,NOT_FOUND,False,vector,754,0.0
lo0054,single,lookup,date,When was the UNIPHARM PHARMACY receipt for 24.90 issued?,05/04/2018,B · router,05/Apr/2018,False,vector,845,0.0
lo0055,single,lookup,total,How much was the receipt from KEDAI PAPAN YEW CHUAN on 12 March 2018?,283.55,B · router,NOT_FOUND,False,vector,835,0.0
lo0056,single,lookup,address,What is the address on the AEON CO. (M) BHD receipt from 12 April 2018?,"3RD FLR, AEON TAMAN MALURI SC JLN JEJAKA, TAMAN MALURI CHERAS, 55100 KUALA LUMPUR",B · router,NOT_FOUND,False,vector,697,0.0
lo0057,single,lookup,total,How much was the receipt from BEMED (SP) SDN. BHD. on 01 April 2017?,165.00,B · router,NOT_FOUND,False,vector,726,0.0
lo0058,single,lookup,address,What is the address on the GERBANG ALAF RESTAURANTS SDN BHD receipt from 26 May 2018?,"LEVEL 6, BANGUNAN TH, DAMANSARA UPTOWN3 NO.3, JALAN SS21/39,47400 PETALING JAYA SELANGOR",B · router,NOT_FOUND,False,vector,791,0.0
lo0059,single,lookup,date,When was the OLIVE9 PHARMACY SDN BHD receipt for 12.15 issued?,31/03/2017,B · router,31/03/2017,True,vector,855,0.0
lo0060,single,lookup,address,What is the address on the CPI ROCKU SDN. BHD. receipt from 19 February 2018?,"LOT F355/356/357, FIRST FLOOR, RAINFOREST, 1 UTAMA SHOPPING CENTRE, LEBUH BANDAR UTAMA, 47800 PETALING JAYA",B · router,NOT_FOUND,False,vector,727,0.0
lo0061,single,lookup,total,How much was the receipt from TRIPLE SIX POINT ENTERPRISE 666 on 22 March 2018?,22.60,B · router,NOT_FOUND,False,vector,725,0.0
lo0062,single,lookup,address,What is the address on the RESTAURANT JIAWEI JIAWEI HOUSE receipt from 23 February 2018?,"13, JLN TASIK UTAMA 8 MEDAN NIAGA DAMAI SG BESI",B · router,"13, JLN TASIK UTAMA 8
MEDAN NIAGA DAMAI SG BESI
57000 KL",True,vector,1219,0.0
lo0063,single,lookup,date,When was the MR. D.I.Y. (M) SDN BHD receipt for 59.20 issued?,10/01/2016,B · router,NOT_FOUND,False,vector,711,0.0
lo0064,single,lookup,total,How much was the receipt from PAPPARICH BMC on 29 June 2018?,46.90,B · router,NOT_FOUND,False,vector,640,0.0
lo0065,single,lookup,total,How much was the receipt from SUPER SEVEN CASH & CARRY SDN BHD on 01 February 2018?,42.10,B · router,NOT_FOUND,False,vector,796,0.0
lo0066,single,lookup,total,How much was the receipt from GARDENIA BAKERIES (KL) SDN BHD on 23 July 2017?,26.58,B · router,NOT_FOUND,False,vector,939,0.0
lo0067,single,lookup,total,How much was the receipt from 99 SPEED MART S/B on 07 February 2017?,37.45,B · router,37.45,True,vector,768,0.0
lo0068,single,lookup,address,What is the address on the ECONSAVE CASH & CARRY (FC) S/B receipt from 22 March 2018?,"LOT GO1, KL FESTIVAL CITY, NO. 67 JIN IBU KOTA TMN DANAU KOTA, KL",B · router,NOT_FOUND,False,vector,792,0.0
lo0069,single,lookup,total,How much was the receipt from YONG TAT HARDWARE TRADING on 13 March 2018?,72.00,B · router,NOT_FOUND,False,vector,723,0.0
lo0070,single,lookup,total,How much was the receipt from MUN HENG ELECTRICAL & HARDWARE SUPPLY on 01 February 2018?,7.00,B · router,7.00,True,vector,772,0.0
lo0071,single,lookup,date,When was the MR. D.I.Y. (KUCHAI) SDN BHD receipt for 26.40 issued?,01/02/2016,B · router,NOT_FOUND,False,vector,740,0.0
lo0072,single,lookup,total,How much was the receipt from BECON ENTERPRISE SDN BHD on 13 November 2017?,270.10,B · router,NOT_FOUND,False,vector,696,0.0
lo0073,single,lookup,date,When was the BENS INDEPENDENT GROCER SDN. BHD receipt for 81.00 issued?,08/03/2018,B · router,NOT_FOUND,False,vector,712,0.0
lo0074,single,lookup,total,How much was the receipt from SEGI CASH & CARRY SDN.BHD on 06 February 2017?,27.00,B · router,NOT_FOUND,False,vector,762,0.0
lo0075,single,lookup,date,When was the 99 SPEED MART S/B receipt for 98.90 issued?,28/01/2018,B · router,NOT_FOUND,False,vector,613,0.0
lo0076,single,lookup,total,How much was the receipt from PASARAYA BORONG PINTAR SDN BHD on 09 March 2018?,10.40,B · router,NOT_FOUND,False,vector,818,0.0
lo0077,single,lookup,address,What is the address on the GERBANG ALAF RESTAURANTS SDN BHD receipt from 27 April 2018?,"LEVEL 6, BANGUNAN TH, DAMANSARA UPTOWN3 NO.3, JALAN SS21/39, 47400 PETALING JAYA SELANGOR",B · router,NOT_FOUND,False,vector,791,0.0
lo0078,single,lookup,total,How much was the receipt from BEMED (SP) SDN. BHD. on 20 January 2017?,203.00,B · router,165.00,False,vector,782,0.0
lo0079,single,lookup,total,How much was the receipt from ROYALTEA on 09 May 2018?,10.90,B · router,NOT_FOUND,False,vector,647,0.0
lo0080,single,lookup,date,When was the SYARIKAT PERNIAGAAN GIN KEE receipt for 190.80 issued?,25/01/2018,B · router,NOT_FOUND,False,vector,795,0.0
lo0081,single,lookup,total,How much was the receipt from PELITA SAMUDRA PERTAMA (M) SDN BHD. on 03 June 2018?,61.70,B · router,NOT_FOUND,False,vector,850,0.0
lo0082,single,lookup,total,How much was the receipt from GARDENIA BAKERIES (KL) SDN BHD on 31 August 2017?,1.52,B · router,1.52,True,vector,903,0.0
lo0083,single,lookup,date,When was the KEDAI UBAT & RUNCIT HONG NING SDN. BHD. receipt for 676.00 issued?,02/02/2016,B · router,NOT_FOUND,False,vector,851,0.0
lo0084,single,lookup,total,How much was the receipt from SANYU STATIONERY SHOP on 16 December 2017?,8.70,B · router,NOT_FOUND,False,vector,761,0.0
lo0085,single,lookup,address,What is the address on the SUPER NINETY NINE SDN.BHD. receipt from 31 May 2018?,"NO.3343, GROUND FLOOR, JALAN 18/32, TAMAN SRI SERDANG, 43300 SERI KEMBANGAN,",B · router,NOT_FOUND,False,vector,769,0.0
lo0086,single,lookup,total,How much was the receipt from THONG RECIPE on 27 June 2018?,58.70,B · router,58.70,True,vector,755,0.0
lo0087,single,lookup,total,How much was the receipt from YHM AEON TEBRAU CITY on 11 March 2018?,49.70,B · router,NOT_FOUND,False,vector,721,0.0
lo0088,single,lookup,address,What is the address on the HON HWA HARDWARE TRADING receipt from 11 February 2017?,"NO 37, JALAN MANIS 7, TAMAN SEGAR, 56100 CHERAS, KUALA LUMPUR.",B · router,"NO 37, JALAN MANIS 7. TAMAN SEGAR, 56100 CHERAS, KUALA LUMPUR.",True,vector,1203,0.0
lo0089,single,lookup,date,When was the UNIHAKKA INTERNATIONAL SDN BHD receipt for 7.80 issued?,11/05/2018,B · router,NOT_FOUND,False,vector,655,0.0
lo0090,single,lookup,total,How much was the receipt from BEMED (SP) SDN BHD. on 27 March 2018?,308.70,B · router,NOT_FOUND,False,vector,717,0.0
lo0091,single,lookup,address,What is the address on the SKL DAMANSARA ENTERPRISE receipt from 28 July 2017?,"69G, JALAN SS21/60, DAMANSARA UTAMA, 47400 PETALING JAYA, SELANGOR.",B · router,NOT_FOUND,False,vector,684,0.0
lo0092,single,lookup,date,When was the GARDENIA BAKERIES (KL) SDN BHD receipt for 55.14 issued?,20/08/2017,B · router,NOT_FOUND,False,vector,874,0.0
lo0093,single,lookup,address,What is the address on the SANYU STATIONERY SHOP receipt from 23 November 2017?,"NO. 31G&33G, JALAN SETIA INDAH X ,U13/X 40170 SETIA ALAM",B · router,NOT_FOUND,False,vector,759,0.0
lo0094,single,lookup,total,How much was the receipt from SIN LIANHAP SDN BHD on 05 February 2018?,7.30,B · router,7.30,True,vector,808,0.0
lo0095,single,lookup,address,What is the address on the EXQUISITE GARDEN SDN BHD receipt from 03 June 2018?,"LOT NO R134,GIANT HYPERMARKET PLENTONG NO3, JALAN MASAI LAMA 81750 MASAI. JAHOR BAHRU",B · router,NOT_FOUND,False,vector,754,0.0
lo0096,single,lookup,total,How much was the receipt from MY MYDIN SDN BHD on 15 January 2018?,5.50,B · router,5.50,True,vector,753,0.0
lo0097,single,lookup,address,What is the address on the RESTORAN WAN SHENG receipt from 17 March 2018?,"NO.2, JALAN TEMENGGUNG 19/9, SEKSYEN 9, BANDAR MAHKOTA CHERAS, 43200 CHERAS, SELANGOR",B · router,NOT_FOUND,False,vector,653,0.0
lo0098,single,lookup,address,What is the address on the KOH SENG HARDWARE receipt from 01 February 2018?,"NO. 939, BATU LIMA, JALAN IPOH, 51200 KUALA LUMPUR.",B · router,"NO. 939, BATU LIMA, JALAN IPOH, 51200 KUALA LUMPUR",True,vector,1052,0.0
lo0099,single,lookup,address,What is the address on the GARDENIA BAKERIES (KL) SDN BHD receipt from 11 October 2017?,"LOT 3, JALAN PELABUR 23/1, 40300 SHAH ALAM, SELANGOR.",B · router,NOT_FOUND,False,vector,943,0.0
lo0100,single,lookup,address,What is the address on the YIN MA (M) SDN.BHD. receipt from 31 January 2016?,"NO.2, JALAN UDANG SIAR 2, TAMAN SRI SEGAMBUT, 52000 KUALA LUMPUR.",B · router,NOT_FOUND,False,vector,713,0.0
lo0101,single,lookup,address,What is the address on the UROKO JAPANESE CUISINE SDN BHD receipt from 20 March 2018?,"22A-1, JALAN 17/54, SECTION 17, 46400 PETALING JAYA, SELANGOR.",B · router,"22A-1, JALAN 17/54, SECTION 17, 46400 PETALING JAYA, SELANGOR.",True,vector,1413,0.0
lo0102,single,lookup,address,What is the address on the SWC ENTERPRISE SDN BHD receipt from 02 January 2018?,"8 & 10, JALAN IJOK PERMAI 1, PUSAT NIAGA IJOK PERMAI, 48000 IJOK, SELANGOR.",B · router,"8 & 10, Jalan Ijok Permai 1, Pusat Niaga Ijok Permai, 48000 Ijok, Selangor.",True,vector,1235,0.0
lo0103,single,lookup,address,What is the address on the VIVOPAC MARKETING SDN BHD receipt from 17 January 2017?,14 JALAN MANIS 4 TAMAN SEGAR 56100 KL,B · router,14 JALAN MANIS 4 TAMAN SEGAR 56100 KL,True,vector,1056,0.0
lo0104,single,lookup,total,How much was the receipt from GERBANG ALAF RESTAURANTS SDN BHD on 18 January 2018?,38.90,B · router,NOT_FOUND,False,vector,793,0.0
lo0105,single,lookup,address,What is the address on the MOONLIGHT CAKE HOUSE SDN BHD receipt from 07 June 2018?,"NO.1, JALAN PERMAS 10/5, BANDAR BARU PERMAS JAYA 81750 JOHOR BAHRU, JOHOR.",B · router,"No.1, Jalan Permas 10/5, Bandar Baru Permas Jaya
81750 Johor Bahru, Johor",True,vector,1314,0.0
lo0106,single,lookup,address,What is the address on the DEWINA HOST SDN BHD receipt from 27 March 2018?,"LOT SATMZ 23, MEZZANINE LEVEL SATELLITE BUILDING KUALA LUMPUR INTERNATIONAL AIRPORT",B · router,"Lot SATMZ 23, Mezzanine Level
Satellite Building
Kuala Lumpur International Airport",True,vector,949,0.0
lo0107,single,lookup,total,How much was the receipt from GARDENIA BAKERIES (KL) SDN BHD on 02 September 2017?,48.57,B · router,NOT_FOUND,False,vector,939,0.0
lo0108,single,lookup,total,How much was the receipt from POPULAR BOOK CO. (M) SDN BHD on 20 August 2017?,5.05,B · router,NOT_FOUND,False,vector,793,0.0
lo0109,single,lookup,address,What is the address on the MR. D.I.Y. (M) SDN BHD receipt from 06 May 2016?,"LOT 1851-A & 1851-B, JALAN KPB 6, KAWASAN PERINDUSTRIAN BALAKONG, 43300 SERI KEMBANGAN, SELANGOR",B · router,NOT_FOUND,False,vector,754,0.0
lo0110,single,lookup,date,When was the UNIHAKKA INTERNATIONAL SDN BHD receipt for 6.60 issued?,20/03/2018,B · router,NOT_FOUND,False,vector,654,0.0
lo0111,single,lookup,total,How much was the receipt from PASAR MINI JIN SENG on 03 March 2018?,33.80,B · router,NOT_FOUND,False,vector,748,0.0
lo0112,single,lookup,total,How much was the receipt from MR. D.I.Y. (M) SDN BHD on 22 April 2018?,27.20,B · router,NOT_FOUND,False,vector,752,0.0
lo0113,single,lookup,date,When was the MODERN DEPOT SDN BHD receipt for 150.00 issued?,04/12/2016,B · router,04/12/2016,True,vector,792,0.0
lo0114,single,lookup,total,How much was the receipt from TEO HENG STATIONERY & BOOKS on 15 March 2018?,127.20,B · router,NOT_FOUND,False,vector,816,0.0
lo0115,single,lookup,address,What is the address on the CROSS CHANNEL NETWORK SDN. BHD. receipt from 29 January 2018?,"47, JALAN MERANTI 1, SEK. 3, BANDAR UTAMA BATANG KALI, 44300 BATANG KALI, SELANGOR.",B · router,"47, JALAN MERANTI 1, SEK. 3, BANDAR UTAMA BATANG KALI, 44300 BATANG KALI, SELANGOR.",True,vector,1314,0.0
lo0116,single,lookup,address,What is the address on the MR. D.I.Y. (M) SDN BHD receipt from 21 March 2018?,"LOT 1851-A & 1851-B, JALAN KPB 6, KAWASAN PERINDUSTRIAN BALAKONG, 43300 SERI KEMBANGAN, SELANGOR",B · router,NOT_FOUND,False,vector,754,0.0
lo0117,single,lookup,total,How much was the receipt from UNIHAKKA INTERNATIONAL SDN BHD on 07 March 2018?,8.20,B · router,NOT_FOUND,False,vector,721,0.0
lo0118,single,lookup,address,What is the address on the NSK TRADE CITY-SELAYANG receipt from 27 October 2017?,LOT 4674 & 4675 SELAYANG BATU 8 JALAN IPOH 68100 BATU CAVES,B · router,"LOT 4674 & 4675 SELAYANG BATU 8
JALAN IPOH 68100 BATU CAVES",True,vector,1203,0.0
lo0119,single,lookup,address,What is the address on the KEDAI UBAT & RUNCIT HONG NING SDN. BHD. receipt from 24 December 2016?,"NO.8,JALAN LANG KUNING, KEPONG BARU, 52100 KUALA LUMPUR",B · router,NOT_FOUND,False,vector,866,0.0
lo0120,single,lookup,total,How much was the receipt from UNIHAKKA INTERNATIONAL SDN BHD on 04 May 2018?,6.60,B · router,NOT_FOUND,False,vector,723,0.0
lo0121,single,lookup,total,How much was the receipt from GARDENIA BAKERIES (KL) SDN BHD on 29 August 2017?,37.90,B · router,NOT_FOUND,False,vector,923,0.0
lo0122,single,lookup,date,When was the ROYALTEA receipt for 13.10 issued?,02/06/2018,B · router,NOT_FOUND,False,vector,622,0.0
lo0123,single,lookup,address,What is the address on the GARDENIA BAKERIES (KL) SDN BHD receipt from 01 September 2017?,"LOT 3, JALAN PELABUR 23/1, 40300 SHAH ALAM, SELANGOR.",B · router,NOT_FOUND,False,vector,943,0.0
lo0124,single,lookup,address,What is the address on the SYARIKAT KAM LAI SEONG SDN BHD receipt from 08 March 2018?,"NO. 1442, JALAN SK 11/5, SERI KEMBANGAN 43300 SELANGOR",B · router,NOT_FOUND,False,vector,770,0.0
lo0125,single,lookup,address,What is the address on the KEDAI BUKU NEW ACHEIVERS receipt from 28 December 2017?,"NO. 12 & 14, JALAN JINJANG 27/54 TAMAN ALAM MEGAH, SEKSYEN 27 40400 SHAH ALAM, SELANGOR D. E.",B · router,"NO. 12 & 14, JALAN JINJANG 27/54 TAMAN ALAM MEGAH, SEKSYEN 27 40400 SHAH ALAM, SELANGOR D. E.",True,vector,1570,0.0
lo0126,single,lookup,address,What is the address on the GUARDIAN HEALTH AND BEAUTY SDN BHD receipt from 01 January 2018?,"SOLARIS MOUNT KIARA NO.8 & 10, GF SOLARIS MOUNT KUARA JLN SOLARIS 5",B · router,"NO.8 & 10, GF SOLARIS MOUNT KUARA JLN SOLARIS 5",True,vector,1088,0.0
lo0127,single,lookup,address,What is the address on the FLORISM DE ART receipt from 14 January 2018?,"LOT 2.70.00,LEVEL 2, PAVILION KUALA LUMPUR, 168, JALAN BUKIT BINTANG, 55100 KUALA LUMPUR, MALAYSIA.",B · router,NOT_FOUND,False,vector,692,0.0
lo0128,single,lookup,date,When was the RESTORAN WAN SHENG receipt for 2.30 issued?,27/06/2018,B · router,NOT_FOUND,False,vector,666,0.0
lo0129,single,lookup,total,How much was the receipt from CHOP YEW LIAN on 23 March 2017?,30.00,B · router,30.00,True,vector,734,0.0
lo0130,single,lookup,total,How much was the receipt from RESTORAN WAN SHENG on 07 March 2018?,4.80,B · router,NOT_FOUND,False,vector,712,0.0
lo0131,single,lookup,total,How much was the receipt from UNIHAKKA INTERNATIONAL SDN BHD on 14 June 2018?,10.15,B · router,NOT_FOUND,False,vector,724,0.0
lo0132,single,lookup,total,How much was the receipt from MR. D.I.Y. (M) SDN BHD on 14 April 2018?,5.00,B · router,NOT_FOUND,False,vector,779,0.0
lo0133,single,lookup,total,How much was the receipt from GARDENIA BAKERIES (KL) SDN BHD on 02 October 2017?,35.58,B · router,NOT_FOUND,False,vector,916,0.0
lo0134,single,lookup,total,How much was the receipt from GRAND COMPANIONS SDN BHD on 03 March 2019?,269.40,B · router,NOT_FOUND,False,vector,735,0.0
lo0135,single,lookup,address,What is the address on the GREAT ZONE HOUSEHOLD CENTRE SDN BHD receipt from 18 February 2018?,"60 & 62. JALAN CIKU, 86000,KLUANG",B · router,NOT_FOUND,False,vector,759,0.0
lo0136,single,lookup,total,How much was the receipt from SUPER SEVEN CASH & CARRY SDN BHD on 01 March 2018?,408.45,B · router,NOT_FOUND,False,vector,792,0.0
lo0137,single,lookup,total,How much was the receipt from HIGH FIVE ENTERPRISE on 05 April 2018?,95.48,B · router,NOT_FOUND,False,vector,681,0.0
lo0138,single,lookup,address,What is the address on the MAXINCOME RESOURCES SDN BHD receipt from 10 April 2018?,"NO 16A, JALAN ASTAKA U8/83, BUKIT JELUTONG, 40150 SHAH ALAM, SELANGOR, D.E.",B · router,NOT_FOUND,False,vector,698,0.0
lo0139,single,lookup,total,How much was the receipt from GERBANG ALAF RESTAURANTS SDN BHD on 30 April 2017?,47.15,B · router,NOT_FOUND,False,vector,792,0.0
lo0140,single,lookup,address,What is the address on the 99 SPEED MART S/B receipt from 20 September 2016?,"LOT P.T. 33198, BATU 4 JALAN KAPAR, MUKIM KAPAR 42100 KLANG, SELANGOR 1558-TMN PUSAT KEPONG",B · router,"LOT P.T. 33198, BATU 4
JALAN KAPAR, MUKIM KAPAR
42100 KLANG, SELANGOR",True,vector,1272,0.0
lo0141,single,lookup,address,What is the address on the PREMIO STATIONERY SDN BHD receipt from 20 March 2018?,"NO 57, JALAN SS 3/29, 47300 PETALING JAYA, SELANGOR",B · router,"No 57, Jalan SS 3/29, 47300 Petaling Jaya, Selangor.",True,vector,1117,0.0
lo0142,single,lookup,total,How much was the receipt from KECHARA VEGETARIAN RESTAURANT S/B on 15 May 2018?,64.50,B · router,64.50,True,vector,887,0.0
lo0143,single,lookup,total,How much was the receipt from TS TOOLS HARDWARE & MACHINERY SDN BHD on 21 March 2018?,7.40,B · router,7.40,True,vector,852,0.0
lo0144,single,lookup,total,How much was the receipt from BEYOND BROTHERS HARDWARE on 10 November 2017?,67.85,B · router,67.85,True,vector,787,0.0
lo0145,single,lookup,date,When was the GOLDEN ARCHES RESTAURANTS SDN BHD receipt for 14.70 issued?,03/12/2016,B · router,03/12/2016,True,vector,881,0.0
lo0146,single,lookup,total,How much was the receipt from UNIHAKKA INTERNATIONAL SDN BHD on 05 June 2018?,7.50,B · router,NOT_FOUND,False,vector,723,0.0
lo0147,single,lookup,date,When was the AIK HUAT HARDWARE ENTERPRISE (SETIA ALAM) SDN BHD receipt for 28.00 issued?,22/09/2017,B · router,NOT_FOUND,False,vector,852,0.0
lo0148,single,lookup,total,How much was the receipt from 99 SPEED MART S/B on 06 December 2016?,85.45,B · router,NOT_FOUND,False,vector,724,0.0
lo0149,single,lookup,date,When was the LA STATIONERY SDN BHD receipt for 56.80 issued?,09/02/2018,B · router,NOT_FOUND,False,vector,669,0.0
lo0150,single,lookup,total,How much was the receipt from MR. D.I.Y. (M) SDN BHD on 27 April 2018?,1.90,B · router,NOT_FOUND,False,vector,755,0.0
lo0151,single,lookup,total,How much was the receipt from SANYU STATIONERY SHOP on 28 October 2017?,21.90,B · router,NOT_FOUND,False,vector,760,0.0
lo0152,single,lookup,address,What is the address on the UNIHAKKA INTERNATIONAL SDN BHD receipt from 03 May 2018?,"12, JALAN TAMPOI 7/4,KAWASAN PERINDUSTRIAN TAMPOI,81200 JOHOR BAHRU,JOHOR",B · router,NOT_FOUND,False,vector,699,0.0
lo0153,single,lookup,address,What is the address on the AEON CO. (M) BHD receipt from 09 July 2017?,"3RD FLR, AEON TAMAN MALURI SC JLN JEJAKA, TAMAN MALURI CHERAS, 55100 KUALA LUMPUR",B · router,NOT_FOUND,False,vector,698,0.0
lo0154,single,lookup,date,When was the KING'S CONFECTIONERY S/B receipt for 9.90 issued?,07/02/2017,B · router,07/02/17,True,vector,796,0.0
lo0155,single,lookup,total,How much was the receipt from KEDAI PAPAN YEW CHUAN on 10 March 2018?,84.80,B · router,NOT_FOUND,False,vector,833,0.0
lo0156,single,lookup,total,How much was the receipt from SWC ENTERPRISE SDN BHD on 08 January 2018?,8.00,B · router,8.00,True,vector,798,0.0
lo0157,single,lookup,total,How much was the receipt from GARDENIA BAKERIES (KL) SDN BHD on 27 October 2017?,35.88,B · router,NOT_FOUND,False,vector,942,0.0
lo0158,single,lookup,total,How much was the receipt from LIM SENG THO HARDWARE TRADING on 08 February 2018?,10.50,B · router,8.40,False,vector,793,0.0
lo0159,single,lookup,total,How much was the receipt from GARDENIA BAKERIES (KL) SDN BHD on 28 October 2017?,32.26,B · router,NOT_FOUND,False,vector,923,0.0
lo0160,single,lookup,date,When was the POPULAR BOOK CO. (M) SDN BHD receipt for 30.50 issued?,05/03/2018,B · router,NOT_FOUND,False,vector,723,0.0
lo0161,single,lookup,total,How much was the receipt from HON HWA HARDWARE TRADING on 21 September 2017?,10.40,B · router,10.40,True,vector,781,0.0
lo0162,single,lookup,total,How much was the receipt from THE CUT STEAKHOUSE &BURGERS on 01 January 2017?,167.55,B · router,167.55,True,vector,805,0.0
lo0163,single,lookup,total,How much was the receipt from SANYU STATIONERY SHOP on 12 September 2017?,8.70,B · router,8.70,True,vector,789,0.0
lo0164,single,lookup,total,How much was the receipt from MR. D.I.Y. (M) SDN BHD on 11 January 2016?,32.80,B · router,NOT_FOUND,False,vector,755,0.0
lo0165,single,lookup,address,What is the address on the EVERGREEN LIGHT SDN BHD receipt from 10 July 2017?,"NO.7-1, JALAN PUTERI 7/11, BANDAR PUTERI, 47100 PUCHONG, BELANGOR",B · router,"NO.7-1, JALAN PUTERI 7/11, BANDAR PUTERI, 47100 PUCHONG, BELANGOR",True,vector,1201,0.0
lo0166,single,lookup,address,What is the address on the POTTERS GARDEN SDN BHD receipt from 04 January 2018?,"BATU 11 . SG BULOH , 47000 SELANGOR .",B · router,"Batu 11. Sg Buloh, 47000 Selangor.",True,vector,1015,0.0
lo0167,single,lookup,total,How much was the receipt from AA PHARMACY on 29 January 2018?,46.20,B · router,46.20,True,vector,762,0.0
lo0168,single,lookup,date,When was the UNIHAKKA INTERNATIONAL SDN BHD receipt for 7.30 issued?,06/05/2018,B · router,NOT_FOUND,False,vector,654,0.0
lo0169,single,lookup,date,When was the UNIHAKKA INTERNATIONAL SDN BHD receipt for 8.20 issued?,02/05/2018,B · router,NOT_FOUND,False,vector,654,0.0
lo0170,single,lookup,address,What is the address on the KEDAI PAPAN YEW CHUAN receipt from 16 March 2018?,"LOT 276 JALAN BANTING 43800 DENGKIL, SELANGOR.",B · router,NOT_FOUND,False,vector,777,0.0
lo0171,single,lookup,date,When was the CHEF HENRY RIBS HOUSE receipt for 103.85 issued?,05/06/2018,B · router,05/06/2018,True,vector,879,0.0
lo0172,single,lookup,total,How much was the receipt from GLOBAL FOOD EMPIRE SDN BHD on 01 May 2018?,38.35,B · router,38.35,True,vector,769,0.0
lo0173,single,lookup,address,What is the address on the UNIHAKKA INTERNATIONAL SDN BHD receipt from 13 March 2018?,"12, JALAN TAMPOI 7/4,KAWASAN PERINDUSTRIAN TAMPOI,81200 JOHOR BAHRU,JOHOR",B · router,NOT_FOUND,False,vector,696,0.0
lo0174,single,lookup,address,What is the address on the GARDENIA BAKERIES (KL) SDN BHD receipt from 24 September 2017?,"LOT 3, JALAN PELABUR 23/1, 40300 SHAH ALAM, SELANGOR.",B · router,NOT_FOUND,False,vector,949,0.0
lo0175,single,lookup,total,How much was the receipt from C W KHOO HARDWARE SDN BHD on 31 March 2018?,14.65,B · router,NOT_FOUND,False,vector,803,0.0
lo0176,single,lookup,total,How much was the receipt from SYARIKAT PERNIAGAAN GIN KEE on 27 January 2018?,22.26,B · router,94.34,False,vector,884,0.0
lo0177,single,lookup,total,How much was the receipt from RESTORAN WAN SHENG on 10 March 2018?,7.20,B · router,NOT_FOUND,False,vector,696,0.0
lo0178,single,lookup,total,How much was the receipt from SUPER SEVEN CASH & CARRY SDN BHD on 21 March 2018?,18.30,B · router,NOT_FOUND,False,vector,794,0.0
lo0179,single,lookup,address,What is the address on the 99 SPEED MART S/B receipt from 10 March 2018?,"LOT P.T. 2811, JALAN ANGSA, TAMAN BERKELEY 41150 KLANG, SELANGOR 1572-TMN BKT PANDAN",B · router,"LOT P.T. 2811, JALAN ANGSA,
TAMAN BERKELEY
41150 KLANG, SELANGOR",True,vector,1192,0.0
lo0180,single,lookup,total,How much was the receipt from KAISON FURNISHING SDN BHD on 25 March 2018?,18.70,B · router,NOT_FOUND,False,vector,764,0.0
lo0181,single,lookup,address,What is the address on the STAR GROCER SDN BHD receipt from 25 March 2018?,"NO 4, DESA PANDAN, OFF KAMPONG PANDAN, 55100 KUALA LUMPUR",B · router,NOT_FOUND,False,vector,708,0.0
lo0182,single,lookup,address,What is the address on the OJC MARKETING SDN BHD receipt from 15 January 2019?,"NO 2 & 4, JALAN BAYU 4, BANDAR SERI ALAM, B1750 MASAI, JOHOR",B · router,NOT_FOUND,False,vector,709,0.0
lo0183,single,lookup,date,When was the SANYU STATIONERY SHOP receipt for 8.70 issued?,14/10/2017,B · router,12/09/2017,False,vector,830,0.0
lo0184,single,lookup,total,How much was the receipt from UNIHAKKA INTERNATIONAL SDN BHD on 26 March 2018?,8.20,B · router,NOT_FOUND,False,vector,725,0.0
lo0185,single,lookup,total,How much was the receipt from RESTORAN HWA MUI SUTERA SDN BHD on 29 April 2018?,91.50,B · router,NOT_FOUND,False,vector,810,0.0
lo0186,single,lookup,date,When was the RESTORAN HOETIM receipt for 83.00 issued?,28/05/2018,B · router,NOT_FOUND,False,vector,613,0.0
lo0187,single,lookup,address,What is the address on the SUPER SEVEN CASH & CARRY SDN BHD receipt from 27 January 2018?,"NO. 1 JALAN EURO 1 OFF JALAN BATU TIGA SUNGAI BULOH SEKSYEN U3 SHAH ALAM, 40150",B · router,NOT_FOUND,False,vector,779,0.0
lo0188,single,lookup,total,How much was the receipt from GUDANG HASIL RESTAURANT SDN BHD on 02 December 2016?,15.80,B · router,15.80,True,vector,821,0.0
lo0189,single,lookup,address,What is the address on the MOONLIGHT CAKE HOUSE SDN BHD receipt from 02 June 2018?,"NO.1, JALAN PERMAS 10/5, BANDAR BARU PERMAS JAYA 81750 JOHOR BAHRU, JOHOR.",B · router,"No.1, Jalan Permas 10/5, Bandar Baru Permas Jaya
81750 Johor Bahru, Johor",True,vector,1313,0.0
lo0190,single,lookup,total,How much was the receipt from BIRU PETROLEUM on 11 November 2016?,6.40,B · router,6.40,True,vector,709,0.0
lo0191,single,lookup,total,How much was the receipt from UNIHAKKA INTERNATIONAL SDN BHD on 12 May 2018?,6.60,B · router,NOT_FOUND,False,vector,723,0.0
lo0192,single,lookup,total,How much was the receipt from RESTORAN WAN SHE on 29 September 2017?,164.40,B · router,NOT_FOUND,False,vector,692,0.0
lo0193,single,lookup,total,How much was the receipt from TRIPLE SIX POINT ENTERPRISE 666 on 23 April 2018?,157.90,B · router,NOT_FOUND,False,vector,730,0.0
lo0194,single,lookup,address,What is the address on the RESTORAN WAN SHENG receipt from 11 May 2018?,"NO.2, JALAN TEMENGGUNG 19/9, SEKSYEN 9, BANDAR MAHKOTA CHERAS, 43200 CHERAS, SELANGOR",B · router,NOT_FOUND,False,vector,654,0.0
lo0195,single,lookup,date,When was the F&P PHARMACY receipt for 31.90 issued?,02/03/2018,B · router,NOT_FOUND,False,vector,690,0.0
lo0196,single,lookup,address,What is the address on the GARDENIA BAKERIES (KL) SDN BHD receipt from 07 October 2017?,"LOT 3, JALAN PELABUR 23/1, 40300 SHAH ALAM, SELANGOR.",B · router,NOT_FOUND,False,vector,945,0.0
lo0197,single,lookup,address,What is the address on the AEON CO. (M) BHD receipt from 17 June 2018?,"3RD FLR, AEON TAMAN MALURI SC JLN JEJAKA, TAMAN MALURI CHERAS, 55100 KUALA LUMPUR",B · router,NOT_FOUND,False,vector,699,0.0
lo0198,single,lookup,total,How much was the receipt from CONTENTO on 20 March 2018?,21.60,B · router,NOT_FOUND,False,vector,637,0.0
lo0199,single,lookup,total,How much was the receipt from CHA FOR TEA on 19 April 2018?,46.25,B · router,46.25,True,vector,739,0.0
ag0200,single,aggregate,sum_total,How much did I spend at GERBANG ALAF RESTAURANTS SDN BHD in total?,262.20,B · router,262.20,True,sql,459,0.0
ag0201,single,aggregate,count,How many receipts do I have from GERBANG ALAF RESTAURANTS SDN BHD?,7,B · router,7,True,sql,457,0.0
ag0202,single,aggregate,max_total,What was my largest single purchase at GERBANG ALAF RESTAURANTS SDN BHD?,109.05,B · router,109.05,True,sql,458,0.0
ag0203,single,aggregate,sum_total,How much did I spend at SWC ENTERPRISE SDN BHD in total?,16.20,B · router,16.20,True,sql,401,0.0
ag0204,single,aggregate,count,How many receipts do I have from SWC ENTERPRISE SDN BHD?,3,B · router,3,True,sql,399,0.0
ag0205,single,aggregate,max_total,What was my largest single purchase at SWC ENTERPRISE SDN BHD?,8.00,B · router,8.00,True,sql,400,0.0
ag0206,single,aggregate,sum_total,How much did I spend at 99 SPEED MART S/B in total?,779.15,B · router,779.15,True,sql,357,0.0
ag0207,single,aggregate,count,How many receipts do I have from 99 SPEED MART S/B?,13,B · router,13,True,sql,363,0.0
ag0208,single,aggregate,max_total,What was my largest single purchase at 99 SPEED MART S/B?,262.20,B · router,262.20,True,sql,358,0.0
ag0209,single,aggregate,sum_total,How much did I spend at UNIHAKKA INTERNATIONAL SDN BHD in total?,221.20,B · router,228.90,False,sql,402,0.0
ag0210,single,aggregate,count,How many receipts do I have from UNIHAKKA INTERNATIONAL SDN BHD?,27,B · router,28,False,sql,402,0.0
ag0211,single,aggregate,max_total,What was my largest single purchase at UNIHAKKA INTERNATIONAL SDN BHD?,12.20,B · router,12.20,True,sql,401,0.0
ag0212,single,aggregate,sum_total,How much did I spend at PASARAYA BORONG PINTAR SDN BHD in total?,15.35,B · router,15.35,True,sql,487,0.0
ag0213,single,aggregate,count,How many receipts do I have from PASARAYA BORONG PINTAR SDN BHD?,5,B · router,5,True,sql,485,0.0
ag0214,single,aggregate,max_total,What was my largest single purchase at PASARAYA BORONG PINTAR SDN BHD?,10.40,B · router,10.40,True,sql,485,0.0
ag0215,single,aggregate,sum_total,How much did I spend at POPULAR BOOK CO. (M) SDN BHD in total?,227.00,B · router,86.35,False,sql,441,0.0
ag0216,single,aggregate,count,How many receipts do I have from POPULAR BOOK CO. (M) SDN BHD?,6,B · router,5,False,sql,443,0.0
ag0217,single,aggregate,max_total,What was my largest single purchase at POPULAR BOOK CO. (M) SDN BHD?,140.65,B · router,30.70,False,sql,439,0.0
ag0218,single,aggregate,sum_total,How much did I spend at HON HWA HARDWARE TRADING in total?,42.20,B · router,42.20,True,sql,385,0.0
ag0219,single,aggregate,count,How many receipts do I have from HON HWA HARDWARE TRADING?,4,B · router,4,True,sql,385,0.0
ag0220,single,aggregate,max_total,What was my largest single purchase at HON HWA HARDWARE TRADING?,19.60,B · router,19.60,True,sql,385,0.0
ag0221,single,aggregate,sum_total,How much did I spend at AEON CO. (M) BHD in total?,819.65,B · router,723.10,False,sql,399,0.0
ag0222,single,aggregate,count,How many receipts do I have from AEON CO. (M) BHD?,8,B · router,8,True,sql,399,0.0
ag0223,single,aggregate,max_total,What was my largest single purchase at AEON CO. (M) BHD?,458.55,B · router,458.55,True,sql,397,0.0
ag0224,single,aggregate,sum_total,How much did I spend at LIM SENG THO HARDWARE TRADING in total?,25.90,B · router,25.90,True,sql,414,0.0
ag0225,single,aggregate,count,How many receipts do I have from LIM SENG THO HARDWARE TRADING?,3,B · router,3,True,sql,412,0.0
ag0226,single,aggregate,max_total,What was my largest single purchase at LIM SENG THO HARDWARE TRADING?,10.50,B · router,10.50,True,sql,422,0.0
ag0227,single,aggregate,sum_total,How much did I spend at SYARIKAT PERNIAGAAN GIN KEE in total?,822.35,B · router,822.35,True,sql,471,0.0
ag0228,single,aggregate,count,How many receipts do I have from SYARIKAT PERNIAGAAN GIN KEE?,11,B · router,11,True,sql,471,0.0
ag0229,single,aggregate,max_total,What was my largest single purchase at SYARIKAT PERNIAGAAN GIN KEE?,190.80,B · router,190.80,True,sql,472,0.0
ag0230,single,aggregate,sum_total,How much did I spend at WESTERN EASTERN STATIONERY SDN. BHD in total?,57.72,B · router,57.72,True,sql,444,0.0
ag0231,single,aggregate,count,How many receipts do I have from WESTERN EASTERN STATIONERY SDN. BHD?,3,B · router,3,True,sql,443,0.0
ag0232,single,aggregate,max_total,What was my largest single purchase at WESTERN EASTERN STATIONERY SDN. BHD?,42.88,B · router,42.88,True,sql,444,0.0
ag0233,single,aggregate,sum_total,How much did I spend at RESTORAN WAN SHENG in total?,92.30,B · router,92.30,True,sql,356,0.0
ag0234,single,aggregate,count,How many receipts do I have from RESTORAN WAN SHENG?,14,B · router,14,True,sql,356,0.0
ag0235,single,aggregate,max_total,What was my largest single purchase at RESTORAN WAN SHENG?,17.60,B · router,17.60,True,sql,360,0.0
ag0236,single,aggregate,sum_total,How much did I spend at KEDAI PAPAN YEW CHUAN in total?,1078.55,B · router,1078.55,True,sql,428,0.0
ag0237,single,aggregate,count,How many receipts do I have from KEDAI PAPAN YEW CHUAN?,7,B · router,7,True,sql,428,0.0
ag0238,single,aggregate,max_total,What was my largest single purchase at KEDAI PAPAN YEW CHUAN?,283.55,B · router,283.55,True,sql,432,0.0
ag0239,single,aggregate,sum_total,How much did I spend at YONG CEN ENTERPRISE in total?,258.50,B · router,257.50,True,sql,371,0.0
ag0240,single,aggregate,count,How many receipts do I have from YONG CEN ENTERPRISE?,4,B · router,4,True,sql,371,0.0
ag0241,single,aggregate,max_total,What was my largest single purchase at YONG CEN ENTERPRISE?,108.00,B · router,108.00,True,sql,370,0.0
ag0242,single,aggregate,sum_total,How much did I spend at SUPER SEVEN CASH & CARRY SDN BHD in total?,527.85,B · router,119.40,False,sql,442,0.0
ag0243,single,aggregate,count,How many receipts do I have from SUPER SEVEN CASH & CARRY SDN BHD?,4,B · router,3,False,sql,443,0.0
ag0244,single,aggregate,max_total,What was my largest single purchase at SUPER SEVEN CASH & CARRY SDN BHD?,408.45,B · router,59.00,False,sql,442,0.0
ag0245,single,aggregate,sum_total,How much did I spend at SEGI CASH & CARRY SDN. BHD. in total?,902.65,B · router,929.65,False,sql,447,0.0
ag0246,single,aggregate,count,How many receipts do I have from SEGI CASH & CARRY SDN. BHD.?,3,B · router,4,False,sql,441,0.0
ag0247,single,aggregate,max_total,What was my largest single purchase at SEGI CASH & CARRY SDN. BHD.?,674.00,B · router,674.00,True,sql,441,0.0
ag0248,single,aggregate,sum_total,How much did I spend at GUARDIAN HEALTH AND BEAUTY SDN BHD in total?,140.61,B · router,140.61,True,sql,441,0.0
ag0249,single,aggregate,count,How many receipts do I have from GUARDIAN HEALTH AND BEAUTY SDN BHD?,3,B · router,3,True,sql,442,0.0
ag0250,single,aggregate,max_total,What was my largest single purchase at GUARDIAN HEALTH AND BEAUTY SDN BHD?,108.21,B · router,108.21,True,sql,442,0.0
ag0251,single,aggregate,sum_total,How much did I spend at MR. D.I.Y. (M) SDN BHD in total?,363.80,B · router,451.60,False,sql,456,0.0
ag0252,single,aggregate,count,How many receipts do I have from MR. D.I.Y. (M) SDN BHD?,12,B · router,17,False,sql,457,0.0
ag0253,single,aggregate,max_total,What was my largest single purchase at MR. D.I.Y. (M) SDN BHD?,96.90,B · router,96.90,True,sql,457,0.0
ag0254,single,aggregate,sum_total,How much did I spend at PRINT EXPERT SDN BHD in total?,550.35,B · router,550.35,True,sql,376,0.0
ag0255,single,aggregate,count,How many receipts do I have from PRINT EXPERT SDN BHD?,3,B · router,3,True,sql,371,0.0
ag0256,single,aggregate,max_total,What was my largest single purchase at PRINT EXPERT SDN BHD?,226.60,B · router,226.60,True,sql,370,0.0
ag0257,single,aggregate,sum_total,How much did I spend at KING'S CONFECTIONERY S/B in total?,114.60,B · router,114.60,True,sql,400,0.0
ag0258,single,aggregate,count,How many receipts do I have from KING'S CONFECTIONERY S/B?,4,B · router,4,True,sql,400,0.0
ag0259,single,aggregate,max_total,What was my largest single purchase at KING'S CONFECTIONERY S/B?,70.00,B · router,70.00,True,sql,399,0.0
ag0260,single,aggregate,sum_total,How much did I spend at BEMED (SP) SDN. BHD. in total?,533.00,B · router,841.70,False,sql,428,0.0
ag0261,single,aggregate,count,How many receipts do I have from BEMED (SP) SDN. BHD.?,3,B · router,4,False,sql,427,0.0
ag0262,single,aggregate,max_total,What was my largest single purchase at BEMED (SP) SDN. BHD.?,203.00,B · router,308.70,False,sql,428,0.0
ag0263,single,aggregate,sum_total,How much did I spend at GARDENIA BAKERIES (KL) SDN BHD in total?,1104.55,B · router,1081.53,False,sql,469,0.0
ag0264,single,aggregate,count,How many receipts do I have from GARDENIA BAKERIES (KL) SDN BHD?,31,B · router,30,False,sql,470,0.0
ag0265,single,aggregate,max_total,What was my largest single purchase at GARDENIA BAKERIES (KL) SDN BHD?,84.78,B · router,84.78,True,sql,472,0.0
ag0266,single,aggregate,sum_total,How much did I spend at YIN MA (M) SDN.BHD. in total?,52.60,B · router,52.60,True,sql,413,0.0
ag0267,single,aggregate,count,How many receipts do I have from YIN MA (M) SDN.BHD.?,3,B · router,3,True,sql,413,0.0
ag0268,single,aggregate,max_total,What was my largest single purchase at YIN MA (M) SDN.BHD.?,32.70,B · router,32.70,True,sql,414,0.0
ag0269,single,aggregate,sum_total,How much did I spend at KEDAI UBAT & RUNCIT HONG NING SDN. BHD. in total?,738.65,B · router,738.65,True,sql,526,0.0
ag0270,single,aggregate,count,How many receipts do I have from KEDAI UBAT & RUNCIT HONG NING SDN. BHD.?,4,B · router,4,True,sql,530,0.0
ag0271,single,aggregate,max_total,What was my largest single purchase at KEDAI UBAT & RUNCIT HONG NING SDN. BHD.?,676.00,B · router,676.00,True,sql,526,0.0
ag0272,single,aggregate,sum_total,How much did I spend at MR. D.I.Y. (KUCHAI) SDN BHD in total?,75.90,B · router,451.60,False,sql,490,0.0
ag0273,single,aggregate,count,How many receipts do I have from MR. D.I.Y. (KUCHAI) SDN BHD?,4,B · router,17,False,sql,486,0.0
ag0274,single,aggregate,max_total,What was my largest single purchase at MR. D.I.Y. (KUCHAI) SDN BHD?,34.40,B · router,96.90,False,sql,485,0.0
ag0275,single,aggregate,sum_total,How much did I spend at SANYU STATIONERY SHOP in total?,99.50,B · router,99.50,True,sql,370,0.0
ag0276,single,aggregate,count,How many receipts do I have from SANYU STATIONERY SHOP?,13,B · router,13,True,sql,371,0.0
ag0277,single,aggregate,max_total,What was my largest single purchase at SANYU STATIONERY SHOP?,21.90,B · router,21.90,True,sql,370,0.0
ag0278,single,aggregate,sum_total,How much did I spend at MOONLIGHT CAKE HOUSE SDN BHD in total?,59.40,B · router,59.40,True,sql,413,0.0
ag0279,single,aggregate,count,How many receipts do I have from MOONLIGHT CAKE HOUSE SDN BHD?,3,B · router,3,True,sql,414,0.0
ag0280,single,aggregate,max_total,What was my largest single purchase at MOONLIGHT CAKE HOUSE SDN BHD?,28.20,B · router,28.20,True,sql,414,0.0
ag0281,single,aggregate,sum_year,How much did I spend in total during 2016?,2267.75,B · router,1868.39,False,sql,328,0.0
ag0282,single,aggregate,count_year,How many receipts do I have from 2016?,31,B · router,30,False,sql,328,0.0
ag0283,single,aggregate,sum_year,How much did I spend in total during 2017?,6199.66,B · router,6058.01,False,sql,328,0.0
ag0284,single,aggregate,count_year,How many receipts do I have from 2017?,105,B · router,104,False,sql,328,0.0
ag0285,single,aggregate,sum_year,How much did I spend in total during 2018?,12500.91,B · router,11913.94,False,sql,329,0.0
ag0286,single,aggregate,count_year,How many receipts do I have from 2018?,203,B · router,200,False,sql,328,0.0
lo0000,single,lookup,date,When was the MR. D.I.Y. (M) SDN BHD receipt for 6.20 issued?,23/03/2018,C · structured (MiniLM),23-03-18,False,structured,1492,0.0
lo0001,single,lookup,address,What is the address on the SANYU STATIONERY SHOP receipt from 24 October 2017?,"NO. 31G&33G, JALAN SETIA INDAH X ,U13/X 40170 SETIA ALAM",C · structured (MiniLM),"NO. 31G&33G, JALAN SETIA INDAH X ;U13/X
40170 SETIA ALAM",True,structured,1327,0.0
lo0002,single,lookup,total,How much was the receipt from GERBANG ALAF RESTAURANTS SDN BHD on 24 June 2018?,7.35,C · structured (MiniLM),7.35,True,structured,970,0.0
lo0003,single,lookup,total,How much was the receipt from ALI BABA INTERNATIONAL SDN BHD on 19 February 2018?,23.80,C · structured (MiniLM),23.80,True,structured,927,0.0
lo0004,single,lookup,address,What is the address on the GARDENIA BAKERIES (KL) SDN BHD receipt from 07 August 2017?,"LOT 3, JALAN PELABUR 23/1, 40300 SHAH ALAM, SELANGOR.",C · structured (MiniLM),"Lot 3, Jalan Pelabur 23/1, 40300 Shah Alam, Selangor",True,structured,1360,0.0
lo0005,single,lookup,total,How much was the receipt from MR. D.I.Y. (KUCHAI) SDN BHD on 10 January 2016?,8.10,C · structured (MiniLM),8.10,True,structured,1097,0.0
lo0006,single,lookup,address,What is the address on the KOREAN DINE SDN BHD receipt from 19 June 2018?,"NO 4, JALAN PERMAS 10/5. BANDAR BARU PERMAS JAYA, 81750 JOHOR BAHRU, JOHOR.",C · structured (MiniLM),"No 4, Jalan Permas 10/5.
Bandar Baru Permas Jaya,
81750 Johor Bahru, Johor.",True,structured,1370,0.0
lo0007,single,lookup,address,What is the address on the UNIHAKKA INTERNATIONAL SDN BHD receipt from 25 March 2018?,"12, JALAN TAMPOI 7/4,KAWASAN PERINDUSTRIAN TAMPOI,81200 JOHOR BAHRU,JOHOR",C · structured (MiniLM),"12, Jalan Tampoi 7/4,Kawasan Perindustrian Tampoi,81200 Johor Bahru,Johor",True,structured,1358,0.0
lo0008,single,lookup,total,How much was the receipt from MEI LET RESTAURANT on 12 January 2017?,59.35,C · structured (MiniLM),59.35,True,structured,898,0.0
lo0009,single,lookup,total,How much was the receipt from RESTORAN WAN SHENG on 05 May 2018?,7.60,C · structured (MiniLM),7.60,True,structured,868,0.0
lo0010,single,lookup,total,How much was the receipt from AEON CO. (M) BHD on 11 May 2018?,458.55,C · structured (MiniLM),458.55,True,structured,983,0.0
lo0011,single,lookup,total,How much was the receipt from YHM MID VALLEY on 15 December 2017?,21.60,C · structured (MiniLM),21.60,True,structured,875,0.0
lo0012,single,lookup,address,What is the address on the GUARDIAN HEALTH AND BEAUTY SDN BHD receipt from 09 March 2018?,"G31 & G32, GRD FLR, IOI MALL BANDAR PUCHONG JAYA",C · structured (MiniLM),"631 & G32, Grd Flr, 101 Mall",False,structured,1156,0.0
lo0013,single,lookup,total,How much was the receipt from MR. D. I. Y. (KUCHAI) SDN BHD on 19 March 2018?,11.90,C · structured (MiniLM),NOT_FOUND,False,structured,997,0.0
lo0014,single,lookup,total,How much was the receipt from TED HENG STATIONERY & BOOKS on 27 January 2018?,27.35,C · structured (MiniLM),NOT_FOUND,False,vector,1066,0.0
lo0015,single,lookup,total,How much was the receipt from YIN MA (M) SDN.BHD. on 19 July 2016?,14.50,C · structured (MiniLM),14.50,True,structured,946,0.0
lo0016,single,lookup,address,What is the address on the UNIHAKKA INTERNATIONAL SDN BHD receipt from 21 May 2018?,"2, JALAN TAMPOI 7/4,KAWASAN PERINDUSTRIAN TAMPOI,81200 JOHOR BAHRU,JOHOR",C · structured (MiniLM),"2, Jalan Tampoi 7/4,Kawasan Perindustrian Tampoi,81200 Johor Bahru,Johor",True,structured,1330,0.0
lo0017,single,lookup,address,What is the address on the GARDENIA BAKERIES (KL) SDN BHD receipt from 12 September 2017?,"LOT 3, JALAN PELABUR 23/1, 40300 SHAH ALAM, SELANGOR.",C · structured (MiniLM),"Lot 3, Jalan Pelabur 23/1, 40300 Shah Alam, Selangor",True,structured,1341,0.0
lo0018,single,lookup,address,What is the address on the KOH SENG HARDWARE receipt from 04 December 2017?,"NO. 939, BATU LIMA, JALAN IPOH, 51200 KUALA LUMPUR.",C · structured (MiniLM),"NO. 939, BATU LIMA, JALAN IPOH, 51200 KUALA LUMPUR",True,structured,1242,0.0
lo0019,single,lookup,date,When was the BENS INDEPENDENT GROCER SDN. BHD receipt for 133.70 issued?,09/03/2018,C · structured (MiniLM),NOT_FOUND,False,structured,999,0.0
lo0020,single,lookup,total,How much was the receipt from KEDA PAPAN YEW CHJAN on 08 March 2018?,312.70,C · structured (MiniLM),135.68,False,vector,1175,0.0
lo0021,single,lookup,total,How much was the receipt from MR. D.I.Y. (KUCHAI) SDN BHD on 11 January 2016?,7.00,C · structured (MiniLM),7.00,True,structured,1051,0.0
lo0022,single,lookup,date,When was the DREAM ARTS receipt for 15.00 issued?,29/03/2018,C · structured (MiniLM),29/03/2018,True,structured,793,0.0
lo0023,single,lookup,date,When was the SWC ENTERPRISE SDN BHD receipt for 4.00 issued?,06/03/2018,C · structured (MiniLM),06/03/2018,True,structured,848,0.0
lo0024,single,lookup,date,When was the SUPER TERMINAL SDN BHD receipt for 132.50 issued?,20/01/2018,C · structured (MiniLM),20/01/2018,True,structured,865,0.0
lo0025,single,lookup,date,When was the SYARIKAT PERNIAGAAN GIN KEE receipt for 11.13 issued?,15/01/2018,C · structured (MiniLM),15/01/2018,True,structured,1085,0.0
lo0026,single,lookup,address,What is the address on the GARDENIA BAKERIES (KL) SDN BHD receipt from 16 October 2017?,"LOT 3, JALAN PELABUR 23/1, 40300 SHAH ALAM, SELANGOR.",C · structured (MiniLM),"Lot 3, Jalan Pelabur 23/1, 40300 Shah Alam, Selangor",True,structured,1352,0.0
lo0027,single,lookup,total,How much was the receipt from SYARIKAT PERNIAGAAN GIN KEE on 30 December 2017?,89.04,C · structured (MiniLM),89.04,True,structured,996,0.0
lo0028,single,lookup,address,What is the address on the BHPETROL PERMAS JAYA 2 receipt from 08 May 2018?,"LOT PTD 101051 JALAN PERMAS 10/10 81750 MASAI, JOHOR",C · structured (MiniLM),"Jalan Permas 10/10
81750 Masai, Johor",True,structured,1159,0.0
lo0029,single,lookup,total,How much was the receipt from B & BEST RESTAURANT on 19 April 2017?,14.85,C · structured (MiniLM),14.85,True,structured,902,0.0
lo0030,single,lookup,date,When was the UNIHAKKA INTERNATIONAL SDN BHD receipt for 8.90 issued?,14/04/2018,C · structured (MiniLM),14 Apr 2018,True,structured,841,0.0
lo0031,single,lookup,total,How much was the receipt from KEDAI BUKU NEW ACHEIVERS on 15 September 2017?,48.00,C · structured (MiniLM),48.00,True,structured,983,0.0
lo0032,single,lookup,total,How much was the receipt from HENG KEE DELIGHTS BAK KUT TEH. on 04 January 2018?,42.00,C · structured (MiniLM),42.00,True,structured,984,0.0
lo0033,single,lookup,address,What is the address on the 99 SPEED MART S/B receipt from 26 March 2018?,"LOT P.T. 2811, JALAN ANGSA, TAMAN BERKELEY 41150 KLANG, SELANGOR 1330 JLN KENANGA",C · structured (MiniLM),"LOT P.T. 2811. JALAN ANBSA, TAMAN BERMELEY 41150 KLANG, SELANGOR",False,structured,1278,0.0
lo0034,single,lookup,total,How much was the receipt from UNIHAKKA INTERNATIONAL SDN BHD on 06 April 2018?,7.60,C · structured (MiniLM),7.60,True,structured,911,0.0
lo0035,single,lookup,date,When was the GERBANG ALAF RESTAURANTS SDN BHD receipt for 19.00 issued?,30/05/2018,C · structured (MiniLM),30/05/2018,True,structured,936,0.0
lo0036,single,lookup,total,How much was the receipt from AEON CO. (M) BHD on 21 March 2018?,65.10,C · structured (MiniLM),65.10,True,structured,941,0.0
lo0037,single,lookup,date,When was the PERNIAGAAN ZHENG HUI receipt for 436.20 issued?,09/02/2018,C · structured (MiniLM),09/02/2018,True,structured,952,0.0
lo0038,single,lookup,address,What is the address on the FIVE STAR CASH & CARRY receipt from 05 January 2017?,"G.23 & G.22, PLAZA SERI SETIA, NO.1 JALAN SS 9/1, 47300 PJ, SELANGOR.",C · structured (MiniLM),"G.23 & G.22, Plaza Seri Setia, No.1 Jalan SS 9/1, 47300 PJ, Selangor.",True,structured,1389,0.0
lo0039,single,lookup,address,What is the address on the GARDENIA BAKERIES (KL) SDN BHD receipt from 26 September 2017?,"LOT 3, JALAN PELABUR 23/1, 40300 SHAH ALAM, SELANGOR.",C · structured (MiniLM),"Lot 3, Jalan Pelabur 23/1, 40300 Shah Alam, Selangor",True,structured,1352,0.0
lo0040,single,lookup,total,How much was the receipt from BOOK TALK (MUTIARA RINI) SDN BHD on 21 June 2018?,9.30,C · structured (MiniLM),9.30,True,structured,994,0.0
lo0041,single,lookup,total,How much was the receipt from UNIHAKKA INTERNATIONAL SDN BHD on 05 April 2018?,6.90,C · structured (MiniLM),$6.90,True,structured,928,0.0
lo0042,single,lookup,address,What is the address on the ANEKA INTERTRADE MARKETING SDN BHD receipt from 19 June 2017?,"150B, JALAN TUDM,KG BARU SUBANG 40150 SHAH ALAM, SELANGOR DARUL EHSAN, MALAYSIA.",C · structured (MiniLM),"150B, Jalan TUDM, Kg Baru Subang
40150 Shah Alam,
Selangor Darul Ehsan, Malaysia.",True,structured,1391,0.0
lo0043,single,lookup,total,How much was the receipt from KEDAI UBAT & RUNCIT HONG NING SDN. BHD. on 21 December 2016?,8.00,C · structured (MiniLM),8.00,True,structured,1037,0.0
lo0044,single,lookup,address,What is the address on the 99 SPEED MART S/B receipt from 19 October 2016?,"LOT P.T. 33198, BATU 4 JALAN KAPAR, MUKIM KAPAR 42100 KLANG, SELANGOR 1558-TMN PUSAT KEPONG",C · structured (MiniLM),"LOT P.T. 33198, BATU 4
JALAN KAPAR, MUKIM KAPAR
42100 KLANG, SELANGOR",True,structured,1377,0.0
lo0045,single,lookup,total,How much was the receipt from SANYU STATIONERY SHOP on 24 September 2017?,8.70,C · structured (MiniLM),8.70,True,structured,882,0.0
lo0046,single,lookup,total,How much was the receipt from VIVOPAC MARKETING SDN BHD on 13 September 2017?,52.45,C · structured (MiniLM),52.45,True,structured,957,0.0
lo0047,single,lookup,total,How much was the receipt from RESTORAN WAN SHENG on 21 March 2018?,4.80,C · structured (MiniLM),4.80,True,structured,850,0.0
lo0048,single,lookup,address,What is the address on the UNIHAKKA INTERNATIONAL SDN BHD receipt from 13 June 2018?,"12, JALAN TAMPOI 7/4,KAWASAN PERINDUSTRIAN TAMPOI,81200 JOHOR BAHRU, JOHOR",C · structured (MiniLM),"12, Jalan Tampoi 7/4,1 Kawasan Perindustrian Tampoi,81200 Johor Bahru,Johor",False,structured,1366,0.0
lo0049,single,lookup,address,What is the address on the SEN LEE HEONG RESTAURANT receipt from 12 January 2018?,"G-0-1 ,M.AVENUE NO.1 ,JLN 1/38A, SEGAMBUT BAHAGIA,51200, K.LUMPUL",C · structured (MiniLM),"G-O-1,M.AVENUE NO.1,JLN 1/38A, SEGAMBUT BAHAGIA, 51200, K. LUMPUL",False,structured,1419,0.0
lo0050,single,lookup,total,How much was the receipt from 99 SPEED MART S/B on 31 March 2018?,4.00,C · structured (MiniLM),4.00,True,structured,850,0.0
lo0051,single,lookup,address,What is the address on the THE TOAST F&B SDN BHD receipt from 19 May 2018?,"LOT 2110&2111 JALAN PERMAS UTARA BANDAR BARU PERMAS 81750,JOHOR BAHRU JOHOR",C · structured (MiniLM),"LOT 211082111 JALAN PERMAS UTARA
BANDAR BARU PERMAS
81750,JOHOR BAHRU JOHOR",False,structured,1497,0.0
lo0052,single,lookup,address,What is the address on the 118 MJ MOOKATA HOUSE receipt from 11 June 2018?,"NO.7G,JALAN PERMAS 11, BANDAR BARU PERMAS JAYA, 81750 MASAI, JOHOR.",C · structured (MiniLM),"NO.7G, Jalan Permas 11, Bandar Baru Permas Jaya, 81750 Masai, Johor.",True,structured,1319,0.0
lo0053,single,lookup,total,How much was the receipt from PETRON BKT LANJAN SB on 01 February 2018?,4.90,C · structured (MiniLM),4.90,True,structured,897,0.0
lo0054,single,lookup,date,When was the UNIPHARM PHARMACY receipt for 24.90 issued?,05/04/2018,C · structured (MiniLM),05/Apr/2018,False,structured,824,0.0
lo0055,single,lookup,total,How much was the receipt from KEDAI PAPAN YEW CHUAN on 12 March 2018?,283.55,C · structured (MiniLM),283.55,True,structured,993,0.0
lo0056,single,lookup,address,What is the address on the AEON CO. (M) BHD receipt from 12 April 2018?,"3RD FLR, AEON TAMAN MALURI SC JLN JEJAKA, TAMAN MALURI CHERAS, 55100 KUALA LUMPUR",C · structured (MiniLM),"3RD FLR, AEON TAMAN MALURI SC
JLN JEJAKA, TAMAN MALURI
CHERAS, 55100 KUALA LUMPUR",True,structured,1476,0.0
lo0057,single,lookup,total,How much was the receipt from BEMED (SP) SDN. BHD. on 01 April 2017?,165.00,C · structured (MiniLM),165.00,True,structured,963,0.0
lo0058,single,lookup,address,What is the address on the GERBANG ALAF RESTAURANTS SDN BHD receipt from 26 May 2018?,"LEVEL 6, BANGUNAN TH, DAMANSARA UPTOWN3 NO.3, JALAN SS21/39,47400 PETALING JAYA SELANGOR",C · structured (MiniLM),"Level 6, Bangunan TH, Damansara Uptown3
No.3, Jalan SS21/39,47400 Petaling Jaya
Selangor",True,structured,1512,0.0
lo0059,single,lookup,date,When was the OLIVE9 PHARMACY SDN BHD receipt for 12.15 issued?,31/03/2017,C · structured (MiniLM),31/03/2017,True,structured,915,0.0
lo0060,single,lookup,address,What is the address on the CPI ROCKU SDN. BHD. receipt from 19 February 2018?,"LOT F355/356/357, FIRST FLOOR, RAINFOREST, 1 UTAMA SHOPPING CENTRE, LEBUH BANDAR UTAMA, 47800 PETALING JAYA",C · structured (MiniLM),"LOT F355/356/357, FIRST FLOOR, RAINFOREST, 1 UTAMA SHOPPING CENTRE, LEBUH BANDAR UTAMA, 47800 PETALING JAYA",True,structured,1591,0.0
lo0061,single,lookup,total,How much was the receipt from TRIPLE SIX POINT ENTERPRISE 666 on 22 March 2018?,22.60,C · structured (MiniLM),22.60,True,structured,934,0.0
lo0062,single,lookup,address,What is the address on the RESTAURANT JIAWEI JIAWEI HOUSE receipt from 23 February 2018?,"13, JLN TASIK UTAMA 8 MEDAN NIAGA DAMAI SG BESI",C · structured (MiniLM),"13, JLN TASIK UTAMA 8
MEDAN NIAGA DAMAI SG BESI
57000 KL",True,structured,1342,0.0
lo0063,single,lookup,date,When was the MR. D.I.Y. (M) SDN BHD receipt for 59.20 issued?,10/01/2016,C · structured (MiniLM),10-01-16,False,structured,952,0.0
lo0064,single,lookup,total,How much was the receipt from PAPPARICH BMC on 29 June 2018?,46.90,C · structured (MiniLM),46.90,True,structured,870,0.0
lo0065,single,lookup,total,How much was the receipt from SUPER SEVEN CASH & CARRY SDN BHD on 01 February 2018?,42.10,C · structured (MiniLM),42.10,True,structured,986,0.0
lo0066,single,lookup,total,How much was the receipt from GARDENIA BAKERIES (KL) SDN BHD on 23 July 2017?,26.58,C · structured (MiniLM),26.58,True,structured,1017,0.0
lo0067,single,lookup,total,How much was the receipt from 99 SPEED MART S/B on 07 February 2017?,37.45,C · structured (MiniLM),37.45,True,structured,863,0.0
lo0068,single,lookup,address,What is the address on the ECONSAVE CASH & CARRY (FC) S/B receipt from 22 March 2018?,"LOT GO1, KL FESTIVAL CITY, NO. 67 JIN IBU KOTA TMN DANAU KOTA, KL",C · structured (MiniLM),NOT_FOUND,False,vector,1108,0.0
lo0069,single,lookup,total,How much was the receipt from YONG TAT HARDWARE TRADING on 13 March 2018?,72.00,C · structured (MiniLM),72.00,True,structured,928,0.0
lo0070,single,lookup,total,How much was the receipt from MUN HENG ELECTRICAL & HARDWARE SUPPLY on 01 February 2018?,7.00,C · structured (MiniLM),7.00,True,structured,952,0.0
lo0071,single,lookup,date,When was the MR. D.I.Y. (KUCHAI) SDN BHD receipt for 26.40 issued?,01/02/2016,C · structured (MiniLM),01-02-16,False,structured,1068,0.0
lo0072,single,lookup,total,How much was the receipt from BECON ENTERPRISE SDN BHD on 13 November 2017?,270.10,C · structured (MiniLM),NOT_FOUND,False,vector,1010,0.0
lo0073,single,lookup,date,When was the BENS INDEPENDENT GROCER SDN. BHD receipt for 81.00 issued?,08/03/2018,C · structured (MiniLM),08/03/18,True,structured,950,0.0
lo0074,single,lookup,total,How much was the receipt from SEGI CASH & CARRY SDN.BHD on 06 February 2017?,27.00,C · structured (MiniLM),27.00,True,structured,956,0.0
lo0075,single,lookup,date,When was the 99 SPEED MART S/B receipt for 98.90 issued?,28/01/2018,C · structured (MiniLM),28/1/18,True,structured,780,0.0
lo0076,single,lookup,total,How much was the receipt from PASARAYA BORONG PINTAR SDN BHD on 09 March 2018?,10.40,C · structured (MiniLM),10.40,True,structured,1012,0.0
lo0077,single,lookup,address,What is the address on the GERBANG ALAF RESTAURANTS SDN BHD receipt from 27 April 2018?,"LEVEL 6, BANGUNAN TH, DAMANSARA UPTOWN3 NO.3, JALAN SS21/39, 47400 PETALING JAYA SELANGOR",C · structured (MiniLM),"Level 6, Bangunan TH, Damansara Uptown3
No.3, Jalan SS21/39, 47400 Petaling Jaya
Selangor",True,structured,1523,0.0
lo0078,single,lookup,total,How much was the receipt from BEMED (SP) SDN. BHD. on 20 January 2017?,203.00,C · structured (MiniLM),203.00,True,structured,967,0.0
lo0079,single,lookup,total,How much was the receipt from ROYALTEA on 09 May 2018?,10.90,C · structured (MiniLM),10.90,True,structured,853,0.0
lo0080,single,lookup,date,When was the SYARIKAT PERNIAGAAN GIN KEE receipt for 190.80 issued?,25/01/2018,C · structured (MiniLM),25/01/2018,True,structured,969,0.0
lo0081,single,lookup,total,How much was the receipt from PELITA SAMUDRA PERTAMA (M) SDN BHD. on 03 June 2018?,61.70,C · structured (MiniLM),61.70,True,structured,1067,0.0
lo0082,single,lookup,total,How much was the receipt from GARDENIA BAKERIES (KL) SDN BHD on 31 August 2017?,1.52,C · structured (MiniLM),1.52,True,structured,1002,0.0
lo0083,single,lookup,date,When was the KEDAI UBAT & RUNCIT HONG NING SDN. BHD. receipt for 676.00 issued?,02/02/2016,C · structured (MiniLM),02/02/16,True,structured,999,0.0
lo0084,single,lookup,total,How much was the receipt from SANYU STATIONERY SHOP on 16 December 2017?,8.70,C · structured (MiniLM),8.70,True,structured,884,0.0
lo0085,single,lookup,address,What is the address on the SUPER NINETY NINE SDN.BHD. receipt from 31 May 2018?,"NO.3343, GROUND FLOOR, JALAN 18/32, TAMAN SRI SERDANG, 43300 SERI KEMBANGAN,",C · structured (MiniLM),"No.3343, Ground Floor, Jalan 18/32, Taman Sri Serdang, 43300 Seri Kembangan",True,structured,1401,0.0
lo0086,single,lookup,total,How much was the receipt from THONG RECIPE on 27 June 2018?,58.70,C · structured (MiniLM),58.70,True,structured,870,0.0
lo0087,single,lookup,total,How much was the receipt from YHM AEON TEBRAU CITY on 11 March 2018?,49.70,C · structured (MiniLM),49.70,True,structured,942,0.0
lo0088,single,lookup,address,What is the address on the HON HWA HARDWARE TRADING receipt from 11 February 2017?,"NO 37, JALAN MANIS 7, TAMAN SEGAR, 56100 CHERAS, KUALA LUMPUR.",C · structured (MiniLM),"NO 37, JALAN MANIS 7. TAMAN SEGAR, 56100 CHERAS, KUALA LUMPUR",True,structured,1323,0.0
lo0089,single,lookup,date,When was the UNIHAKKA INTERNATIONAL SDN BHD receipt for 7.80 issued?,11/05/2018,C · structured (MiniLM),11 May 2018,True,structured,843,0.0
lo0090,single,lookup,total,How much was the receipt from BEMED (SP) SDN BHD. on 27 March 2018?,308.70,C · structured (MiniLM),308.70,True,structured,959,0.0
lo0091,single,lookup,address,What is the address on the SKL DAMANSARA ENTERPRISE receipt from 28 July 2017?,"69G, JALAN SS21/60, DAMANSARA UTAMA, 47400 PETALING JAYA, SELANGOR.",C · structured (MiniLM),"69G, JALAN SS21/60, DAMANSARA UTAMA, 47400 PETALING JAYA, SELANGOR",True,structured,1351,0.0
lo0092,single,lookup,date,When was the GARDENIA BAKERIES (KL) SDN BHD receipt for 55.14 issued?,20/08/2017,C · structured (MiniLM),20/08/2017,True,structured,973,0.0
lo0093,single,lookup,address,What is the address on the SANYU STATIONERY SHOP receipt from 23 November 2017?,"NO. 31G&33G, JALAN SETIA INDAH X ,U13/X 40170 SETIA ALAM",C · structured (MiniLM),"NO. 31G&33G, JALAN SETIA INDAH X U13/X
40170 SETIA ALAM",True,structured,1334,0.0
lo0094,single,lookup,total,How much was the receipt from SIN LIANHAP SDN BHD on 05 February 2018?,7.30,C · structured (MiniLM),7.30,True,structured,926,0.0
lo0095,single,lookup,address,What is the address on the EXQUISITE GARDEN SDN BHD receipt from 03 June 2018?,"LOT NO R134,GIANT HYPERMARKET PLENTONG NO3, JALAN MASAI LAMA 81750 MASAI. JAHOR BAHRU",C · structured (MiniLM),"LOT NO R134, Giant Hypermarket Plentong
No3, Jalan Masai Lama
81750 Masai. Johor Bahru",False,structured,1397,0.0
lo0096,single,lookup,total,How much was the receipt from MY MYDIN SDN BHD on 15 January 2018?,5.50,C · structured (MiniLM),5.50,True,vector,1074,0.0
lo0097,single,lookup,address,What is the address on the RESTORAN WAN SHENG receipt from 17 March 2018?,"NO.2, JALAN TEMENGGUNG 19/9, SEKSYEN 9, BANDAR MAHKOTA CHERAS, 43200 CHERAS, SELANGOR",C · structured (MiniLM),"No.2, Jalan Temenggung 19/9,
Seksyen 9, Bandar Mahkota Cheras,
43200 Cheras, Selangor",True,structured,1394,0.0
lo0098,single,lookup,address,What is the address on the KOH SENG HARDWARE receipt from 01 February 2018?,"NO. 939, BATU LIMA, JALAN IPOH, 51200 KUALA LUMPUR.",C · structured (MiniLM),"NO. 939, BATU LIMA, JALAN IPOH, 51200 KUALA LUMPUR",True,structured,1237,0.0
lo0099,single,lookup,address,What is the address on the GARDENIA BAKERIES (KL) SDN BHD receipt from 11 October 2017?,"LOT 3, JALAN PELABUR 23/1, 40300 SHAH ALAM, SELANGOR.",C · structured (MiniLM),"Lot 3, Jalan Pelabur 23/1, 40300 Shah Alam, Selangor",True,structured,1330,0.0
lo0100,single,lookup,address,What is the address on the YIN MA (M) SDN.BHD. receipt from 31 January 2016?,"NO.2, JALAN UDANG SIAR 2, TAMAN SRI SEGAMBUT, 52000 KUALA LUMPUR.",C · structured (MiniLM),"NO.2, JALAN UDANG SIAR 2, TAMAN SRI SEGAMBUT, 52000 KUALA LUMPUR",True,structured,1348,0.0
lo0101,single,lookup,address,What is the address on the UROKO JAPANESE CUISINE SDN BHD receipt from 20 March 2018?,"22A-1, JALAN 17/54, SECTION 17, 46400 PETALING JAYA, SELANGOR.",C · structured (MiniLM),"22A-1, JALAN 17/54, SECTION 17, 46400 PETALING JAYA, SELANGOR",True,structured,1452,0.0
lo0102,single,lookup,address,What is the address on the SWC ENTERPRISE SDN BHD receipt from 02 January 2018?,"8 & 10, JALAN IJOK PERMAI 1, PUSAT NIAGA IJOK PERMAI, 48000 IJOK, SELANGOR.",C · structured (MiniLM),"8 & 10, Jalan Ijok Permai 1,
Pusat Niaga Ijok Permai,
48000 Ijok, Selangor.",True,structured,1394,0.0
lo0103,single,lookup,address,What is the address on the VIVOPAC MARKETING SDN BHD receipt from 17 January 2017?,14 JALAN MANIS 4 TAMAN SEGAR 56100 KL,C · structured (MiniLM),14 JALAN MANIS 4 TAMAN SEGAR 56100 KL,True,structured,1175,0.0
lo0104,single,lookup,total,How much was the receipt from GERBANG ALAF RESTAURANTS SDN BHD on 18 January 2018?,38.90,C · structured (MiniLM),38.90,True,structured,982,0.0
lo0105,single,lookup,address,What is the address on the MOONLIGHT CAKE HOUSE SDN BHD receipt from 07 June 2018?,"NO.1, JALAN PERMAS 10/5, BANDAR BARU PERMAS JAYA 81750 JOHOR BAHRU, JOHOR.",C · structured (MiniLM),"No.1, Jalan Permas 10/5, Bandar Baru Permas Jaya
81750 Johor Bahru, Johor",True,structured,1388,0.0
lo0106,single,lookup,address,What is the address on the DEWINA HOST SDN BHD receipt from 27 March 2018?,"LOT SATMZ 23, MEZZANINE LEVEL SATELLITE BUILDING KUALA LUMPUR INTERNATIONAL AIRPORT",C · structured (MiniLM),"Lot SATMZ 23, Mezzanine Level
Satellite Building
Kuala Lumpur International Airport",True,vector,1272,0.0
lo0107,single,lookup,total,How much was the receipt from GARDENIA BAKERIES (KL) SDN BHD on 02 September 2017?,48.57,C · structured (MiniLM),48.57,True,structured,1016,0.0
lo0108,single,lookup,total,How much was the receipt from POPULAR BOOK CO. (M) SDN BHD on 20 August 2017?,5.05,C · structured (MiniLM),5.05,True,structured,953,0.0
lo0109,single,lookup,address,What is the address on the MR. D.I.Y. (M) SDN BHD receipt from 06 May 2016?,"LOT 1851-A & 1851-B, JALAN KPB 6, KAWASAN PERINDUSTRIAN BALAKONG, 43300 SERI KEMBANGAN, SELANGOR",C · structured (MiniLM),"LOT 1851 -A & 1851-B, JALAN KPB 6, KAWASAN PERINDUSTRIAN BALAKONG, 43300 SERI KEMBANGAN, SELANGOR",True,structured,1681,0.0
lo0110,single,lookup,date,When was the UNIHAKKA INTERNATIONAL SDN BHD receipt for 6.60 issued?,20/03/2018,C · structured (MiniLM),20 Mar 2018,True,structured,919,0.0
lo0111,single,lookup,total,How much was the receipt from PASAR MINI JIN SENG on 03 March 2018?,33.80,C · structured (MiniLM),33.80,True,structured,925,0.0
lo0112,single,lookup,total,How much was the receipt from MR. D.I.Y. (M) SDN BHD on 22 April 2018?,27.20,C · structured (MiniLM),27.20,True,structured,984,0.0
lo0113,single,lookup,date,When was the MODERN DEPOT SDN BHD receipt for 150.00 issued?,04/12/2016,C · structured (MiniLM),04/12/2016,True,structured,895,0.0
lo0114,single,lookup,total,How much was the receipt from TEO HENG STATIONERY & BOOKS on 15 March 2018?,127.20,C · structured (MiniLM),127.20,True,structured,954,0.0
lo0115,single,lookup,address,What is the address on the CROSS CHANNEL NETWORK SDN. BHD. receipt from 29 January 2018?,"47, JALAN MERANTI 1, SEK. 3, BANDAR UTAMA BATANG KALI, 44300 BATANG KALI, SELANGOR.",C · structured (MiniLM),"47, JALAN MERANTI 1, SEK. 3, BANDAR UTAMA BATANG KALI, 44300 BATANG KALI, SELANGOR",True,structured,1459,0.0
lo0116,single,lookup,address,What is the address on the MR. D.I.Y. (M) SDN BHD receipt from 21 March 2018?,"LOT 1851-A & 1851-B, JALAN KPB 6, KAWASAN PERINDUSTRIAN BALAKONG, 43300 SERI KEMBANGAN, SELANGOR",C · structured (MiniLM),"LOT 1851-A & 1851-B, JALAN KPB 6, KAWASAN PERINDUSTRIAN BALAKONG, 43300 SERI KEMBANGAN, SELANGOR",True,structured,1711,0.0
lo0117,single,lookup,total,How much was the receipt from UNIHAKKA INTERNATIONAL SDN BHD on 07 March 2018?,8.20,C · structured (MiniLM),8.20,True,structured,912,0.0
lo0118,single,lookup,address,What is the address on the NSK TRADE CITY-SELAYANG receipt from 27 October 2017?,LOT 4674 & 4675 SELAYANG BATU 8 JALAN IPOH 68100 BATU CAVES,C · structured (MiniLM),"LOT 4674 & 4675 SELAYANG BATU 8
JALAN IPOH 68100 BATU CAVES",True,structured,1353,0.0
lo0119,single,lookup,address,What is the address on the KEDAI UBAT & RUNCIT HONG NING SDN. BHD. receipt from 24 December 2016?,"NO.8,JALAN LANG KUNING, KEPONG BARU, 52100 KUALA LUMPUR",C · structured (MiniLM),"NO.8, JALAN LANG KUNING, KEPONG BARU, 52100 KUALA LUMPUR",True,structured,1428,0.0
lo0120,single,lookup,total,How much was the receipt from UNIHAKKA INTERNATIONAL SDN BHD on 04 May 2018?,6.60,C · structured (MiniLM),$6.60,True,structured,926,0.0
lo0121,single,lookup,total,How much was the receipt from GARDENIA BAKERIES (KL) SDN BHD on 29 August 2017?,37.90,C · structured (MiniLM),37.90,True,structured,1038,0.0
lo0122,single,lookup,date,When was the ROYALTEA receipt for 13.10 issued?,02/06/2018,C · structured (MiniLM),02/06/2018,True,structured,812,0.0
lo0123,single,lookup,address,What is the address on the GARDENIA BAKERIES (KL) SDN BHD receipt from 01 September 2017?,"LOT 3, JALAN PELABUR 23/1, 40300 SHAH ALAM, SELANGOR.",C · structured (MiniLM),"Lot 3, Jalan Pelabur 23/1, 40300 Shah Alam, Selangor",True,structured,1341,0.0
lo0124,single,lookup,address,What is the address on the SYARIKAT KAM LAI SEONG SDN BHD receipt from 08 March 2018?,"NO. 1442, JALAN SK 11/5, SERI KEMBANGAN 43300 SELANGOR",C · structured (MiniLM),"NO. 1442, JALAN SK 11/5, SERI KEMBANGAN 43300 SELANGOR",True,structured,1406,0.0
lo0125,single,lookup,address,What is the address on the KEDAI BUKU NEW ACHEIVERS receipt from 28 December 2017?,"NO. 12 & 14, JALAN JINJANG 27/54 TAMAN ALAM MEGAH, SEKSYEN 27 40400 SHAH ALAM, SELANGOR D. E.",C · structured (MiniLM),NOT_FOUND,False,structured,911,0.0
lo0126,single,lookup,address,What is the address on the GUARDIAN HEALTH AND BEAUTY SDN BHD receipt from 01 January 2018?,"SOLARIS MOUNT KIARA NO.8 & 10, GF SOLARIS MOUNT KUARA JLN SOLARIS 5",C · structured (MiniLM),NOT_FOUND,False,structured,931,0.0
lo0127,single,lookup,address,What is the address on the FLORISM DE ART receipt from 14 January 2018?,"LOT 2.70.00,LEVEL 2, PAVILION KUALA LUMPUR, 168, JALAN BUKIT BINTANG, 55100 KUALA LUMPUR, MALAYSIA.",C · structured (MiniLM),"LOT 2.70.00, LEVEL 2,
PAVILION KUALA LUMPUR,
168, JALAN BUKIT BINTANG,
55100 KUALA LUMPUR, MALAYSIA",True,structured,1562,0.0
lo0128,single,lookup,date,When was the RESTORAN WAN SHENG receipt for 2.30 issued?,27/06/2018,C · structured (MiniLM),27-06-2018,True,structured,809,0.0
lo0129,single,lookup,total,How much was the receipt from CHOP YEW LIAN on 23 March 2017?,30.00,C · structured (MiniLM),30.00,True,structured,883,0.0
lo0130,single,lookup,total,How much was the receipt from RESTORAN WAN SHENG on 07 March 2018?,4.80,C · structured (MiniLM),4.80,True,structured,861,0.0
lo0131,single,lookup,total,How much was the receipt from UNIHAKKA INTERNATIONAL SDN BHD on 14 June 2018?,10.15,C · structured (MiniLM),NOT_FOUND,False,structured,884,0.0
lo0132,single,lookup,total,How much was the receipt from MR. D.I.Y. (M) SDN BHD on 14 April 2018?,5.00,C · structured (MiniLM),5.00,True,structured,963,0.0
lo0133,single,lookup,total,How much was the receipt from GARDENIA BAKERIES (KL) SDN BHD on 02 October 2017?,35.58,C · structured (MiniLM),35.58,True,structured,1038,0.0
lo0134,single,lookup,total,How much was the receipt from GRAND COMPANIONS SDN BHD on 03 March 2019?,269.40,C · structured (MiniLM),NOT_FOUND,False,vector,1058,0.0
lo0135,single,lookup,address,What is the address on the GREAT ZONE HOUSEHOLD CENTRE SDN BHD receipt from 18 February 2018?,"60 & 62. JALAN CIKU, 86000,KLUANG",C · structured (MiniLM),NOT_FOUND,False,vector,1070,0.0
lo0136,single,lookup,total,How much was the receipt from SUPER SEVEN CASH & CARRY SDN BHD on 01 March 2018?,408.45,C · structured (MiniLM),42.10,False,structured,1141,0.0
lo0137,single,lookup,total,How much was the receipt from HIGH FIVE ENTERPRISE on 05 April 2018?,95.48,C · structured (MiniLM),95.48,True,structured,885,0.0
lo0138,single,lookup,address,What is the address on the MAXINCOME RESOURCES SDN BHD receipt from 10 April 2018?,"NO 16A, JALAN ASTAKA U8/83, BUKIT JELUTONG, 40150 SHAH ALAM, SELANGOR, D.E.",C · structured (MiniLM),NOT_FOUND,False,vector,1018,0.0
lo0139,single,lookup,total,How much was the receipt from GERBANG ALAF RESTAURANTS SDN BHD on 30 April 2017?,47.15,C · structured (MiniLM),NOT_FOUND,False,structured,957,0.0
lo0140,single,lookup,address,What is the address on the 99 SPEED MART S/B receipt from 20 September 2016?,"LOT P.T. 33198, BATU 4 JALAN KAPAR, MUKIM KAPAR 42100 KLANG, SELANGOR 1558-TMN PUSAT KEPONG",C · structured (MiniLM),"LOT P.T. 33198, BATU 4
JALAN KAPAR, MUKIM KAPAR
42100 KLANG, SELANGOR",True,structured,1373,0.0
lo0141,single,lookup,address,What is the address on the PREMIO STATIONERY SDN BHD receipt from 20 March 2018?,"NO 57, JALAN SS 3/29, 47300 PETALING JAYA, SELANGOR",C · structured (MiniLM),No address found,False,structured,927,0.0
lo0142,single,lookup,total,How much was the receipt from KECHARA VEGETARIAN RESTAURANT S/B on 15 May 2018?,64.50,C · structured (MiniLM),64.50,True,structured,1004,0.0
lo0143,single,lookup,total,How much was the receipt from TS TOOLS HARDWARE & MACHINERY SDN BHD on 21 March 2018?,7.40,C · structured (MiniLM),7.40,True,structured,982,0.0
lo0144,single,lookup,total,How much was the receipt from BEYOND BROTHERS HARDWARE on 10 November 2017?,67.85,C · structured (MiniLM),67.85,True,structured,962,0.0
lo0145,single,lookup,date,When was the GOLDEN ARCHES RESTAURANTS SDN BHD receipt for 14.70 issued?,03/12/2016,C · structured (MiniLM),03/12/2016,True,structured,940,0.0
lo0146,single,lookup,total,How much was the receipt from UNIHAKKA INTERNATIONAL SDN BHD on 05 June 2018?,7.50,C · structured (MiniLM),7.50,True,structured,915,0.0
lo0147,single,lookup,date,When was the AIK HUAT HARDWARE ENTERPRISE (SETIA ALAM) SDN BHD receipt for 28.00 issued?,22/09/2017,C · structured (MiniLM),22/09/2017,True,structured,1056,0.0
lo0148,single,lookup,total,How much was the receipt from 99 SPEED MART S/B on 06 December 2016?,85.45,C · structured (MiniLM),85.45,True,structured,883,0.0
lo0149,single,lookup,date,When was the LA STATIONERY SDN BHD receipt for 56.80 issued?,09/02/2018,C · structured (MiniLM),09/02/2018,True,structured,886,0.0
lo0150,single,lookup,total,How much was the receipt from MR. D.I.Y. (M) SDN BHD on 27 April 2018?,1.90,C · structured (MiniLM),1.90,True,structured,975,0.0
lo0151,single,lookup,total,How much was the receipt from SANYU STATIONERY SHOP on 28 October 2017?,21.90,C · structured (MiniLM),21.90,True,structured,897,0.0
lo0152,single,lookup,address,What is the address on the UNIHAKKA INTERNATIONAL SDN BHD receipt from 03 May 2018?,"12, JALAN TAMPOI 7/4,KAWASAN PERINDUSTRIAN TAMPOI,81200 JOHOR BAHRU,JOHOR",C · structured (MiniLM),"12, Jalan Tampoi 7/4,Kawasan Perindustrian Tampoi,81200 Johor Bahru,Johor",True,structured,1345,0.0
lo0153,single,lookup,address,What is the address on the AEON CO. (M) BHD receipt from 09 July 2017?,"3RD FLR, AEON TAMAN MALURI SC JLN JEJAKA, TAMAN MALURI CHERAS, 55100 KUALA LUMPUR",C · structured (MiniLM),"3RD FLR, AEON TAMAN MALURI SC
JLN JEJAKA, TAMAN MALURI
CHERAS, 55100 KUALA LUMPUR",True,structured,1457,0.0
lo0154,single,lookup,date,When was the KING'S CONFECTIONERY S/B receipt for 9.90 issued?,07/02/2017,C · structured (MiniLM),07/02/17,True,structured,841,0.0
lo0155,single,lookup,total,How much was the receipt from KEDAI PAPAN YEW CHUAN on 10 March 2018?,84.80,C · structured (MiniLM),84.80,True,structured,972,0.0
lo0156,single,lookup,total,How much was the receipt from SWC ENTERPRISE SDN BHD on 08 January 2018?,8.00,C · structured (MiniLM),8.00,True,structured,895,0.0
lo0157,single,lookup,total,How much was the receipt from GARDENIA BAKERIES (KL) SDN BHD on 27 October 2017?,35.88,C · structured (MiniLM),35.88,True,structured,1014,0.0
lo0158,single,lookup,total,How much was the receipt from LIM SENG THO HARDWARE TRADING on 08 February 2018?,10.50,C · structured (MiniLM),10.50,True,structured,938,0.0
lo0159,single,lookup,total,How much was the receipt from GARDENIA BAKERIES (KL) SDN BHD on 28 October 2017?,32.26,C · structured (MiniLM),32.26,True,structured,1013,0.0
lo0160,single,lookup,date,When was the POPULAR BOOK CO. (M) SDN BHD receipt for 30.50 issued?,05/03/2018,C · structured (MiniLM),05/03/18,True,structured,1044,0.0
lo0161,single,lookup,total,How much was the receipt from HON HWA HARDWARE TRADING on 21 September 2017?,10.40,C · structured (MiniLM),10.40,True,structured,910,0.0
lo0162,single,lookup,total,How much was the receipt from THE CUT STEAKHOUSE &BURGERS on 01 January 2017?,167.55,C · structured (MiniLM),167.55,True,structured,938,0.0
lo0163,single,lookup,total,How much was the receipt from SANYU STATIONERY SHOP on 12 September 2017?,8.70,C · structured (MiniLM),8.70,True,structured,885,0.0
lo0164,single,lookup,total,How much was the receipt from MR. D.I.Y. (M) SDN BHD on 11 January 2016?,32.80,C · structured (MiniLM),32.80,True,structured,1041,0.0
lo0165,single,lookup,address,What is the address on the EVERGREEN LIGHT SDN BHD receipt from 10 July 2017?,"NO.7-1, JALAN PUTERI 7/11, BANDAR PUTERI, 47100 PUCHONG, BELANGOR",C · structured (MiniLM),"NO.7-1, JALAN PUTERI 7/11, BANDAR PUTERI, 47100 PUCHONG, BELANGOR",True,structured,1369,0.0
lo0166,single,lookup,address,What is the address on the POTTERS GARDEN SDN BHD receipt from 04 January 2018?,"BATU 11 . SG BULOH , 47000 SELANGOR .",C · structured (MiniLM),"Batu 11. Sg Buloh, 47000 Selangor",True,structured,1150,0.0
lo0167,single,lookup,total,How much was the receipt from AA PHARMACY on 29 January 2018?,46.20,C · structured (MiniLM),46.20,True,structured,871,0.0
lo0168,single,lookup,date,When was the UNIHAKKA INTERNATIONAL SDN BHD receipt for 7.30 issued?,06/05/2018,C · structured (MiniLM),06 May 2018,True,structured,841,0.0
lo0169,single,lookup,date,When was the UNIHAKKA INTERNATIONAL SDN BHD receipt for 8.20 issued?,02/05/2018,C · structured (MiniLM),07 Mar 2018,False,structured,1118,0.0
lo0170,single,lookup,address,What is the address on the KEDAI PAPAN YEW CHUAN receipt from 16 March 2018?,"LOT 276 JALAN BANTING 43800 DENGKIL, SELANGOR.",C · structured (MiniLM),"LOT 276 JALAN BANTING
43800 DENGKIL, SELANGOR",True,structured,1258,0.0
lo0171,single,lookup,date,When was the CHEF HENRY RIBS HOUSE receipt for 103.85 issued?,05/06/2018,C · structured (MiniLM),05/06/2018,True,structured,895,0.0
lo0172,single,lookup,total,How much was the receipt from GLOBAL FOOD EMPIRE SDN BHD on 01 May 2018?,38.35,C · structured (MiniLM),38.35,True,structured,929,0.0
lo0173,single,lookup,address,What is the address on the UNIHAKKA INTERNATIONAL SDN BHD receipt from 13 March 2018?,"12, JALAN TAMPOI 7/4,KAWASAN PERINDUSTRIAN TAMPOI,81200 JOHOR BAHRU,JOHOR",C · structured (MiniLM),"12, Jalan Tampoi 7/4,Kawasan Perindustrian Tampoi.81200 Johor Bahru,Johor",True,structured,1356,0.0
lo0174,single,lookup,address,What is the address on the GARDENIA BAKERIES (KL) SDN BHD receipt from 24 September 2017?,"LOT 3, JALAN PELABUR 23/1, 40300 SHAH ALAM, SELANGOR.",C · structured (MiniLM),"Lot 3, Jalan Pelabur 23/1, 40300 Shah Alam, Selangor",True,structured,1329,0.0
lo0175,single,lookup,total,How much was the receipt from C W KHOO HARDWARE SDN BHD on 31 March 2018?,14.65,C · structured (MiniLM),14.65,True,structured,940,0.0
lo0176,single,lookup,total,How much was the receipt from SYARIKAT PERNIAGAAN GIN KEE on 27 January 2018?,22.26,C · structured (MiniLM),22.26,True,structured,1000,0.0
lo0177,single,lookup,total,How much was the receipt from RESTORAN WAN SHENG on 10 March 2018?,7.20,C · structured (MiniLM),7.20,True,structured,851,0.0
lo0178,single,lookup,total,How much was the receipt from SUPER SEVEN CASH & CARRY SDN BHD on 21 March 2018?,18.30,C · structured (MiniLM),18.30,True,structured,1011,0.0
lo0179,single,lookup,address,What is the address on the 99 SPEED MART S/B receipt from 10 March 2018?,"LOT P.T. 2811, JALAN ANGSA, TAMAN BERKELEY 41150 KLANG, SELANGOR 1572-TMN BKT PANDAN",C · structured (MiniLM),"LOT P.T. 2811, JALAN ANGSA, TAMAN BERKELEY 41150 KLANG, SELANGOR",True,structured,1276,0.0
lo0180,single,lookup,total,How much was the receipt from KAISON FURNISHING SDN BHD on 25 March 2018?,18.70,C · structured (MiniLM),18.70,True,structured,943,0.0
lo0181,single,lookup,address,What is the address on the STAR GROCER SDN BHD receipt from 25 March 2018?,"NO 4, DESA PANDAN, OFF KAMPONG PANDAN, 55100 KUALA LUMPUR",C · structured (MiniLM),No address found,False,structured,901,0.0
lo0182,single,lookup,address,What is the address on the OJC MARKETING SDN BHD receipt from 15 January 2019?,"NO 2 & 4, JALAN BAYU 4, BANDAR SERI ALAM, B1750 MASAI, JOHOR",C · structured (MiniLM),NOT_FOUND,False,structured,870,0.0
lo0183,single,lookup,date,When was the SANYU STATIONERY SHOP receipt for 8.70 issued?,14/10/2017,C · structured (MiniLM),16/12/2017,False,structured,1120,0.0
lo0184,single,lookup,total,How much was the receipt from UNIHAKKA INTERNATIONAL SDN BHD on 26 March 2018?,8.20,C · structured (MiniLM),8.20,True,structured,911,0.0
lo0185,single,lookup,total,How much was the receipt from RESTORAN HWA MUI SUTERA SDN BHD on 29 April 2018?,91.50,C · structured (MiniLM),91.50,True,structured,1004,0.0
lo0186,single,lookup,date,When was the RESTORAN HOETIM receipt for 83.00 issued?,28/05/2018,C · structured (MiniLM),28/05/2018,True,structured,841,0.0
lo0187,single,lookup,address,What is the address on the SUPER SEVEN CASH & CARRY SDN BHD receipt from 27 January 2018?,"NO. 1 JALAN EURO 1 OFF JALAN BATU TIGA SUNGAI BULOH SEKSYEN U3 SHAH ALAM, 40150",C · structured (MiniLM),"NO. 1 JALAN EURO 1
OFF JALAN BATU TIGA
(W)
SUNGAI BULOH SEKSIUN U3 SHAH ALAM, 40150",False,structured,1565,0.0
lo0188,single,lookup,total,How much was the receipt from GUDANG HASIL RESTAURANT SDN BHD on 02 December 2016?,15.80,C · structured (MiniLM),NOT_FOUND,False,structured,927,0.0
lo0189,single,lookup,address,What is the address on the MOONLIGHT CAKE HOUSE SDN BHD receipt from 02 June 2018?,"NO.1, JALAN PERMAS 10/5, BANDAR BARU PERMAS JAYA 81750 JOHOR BAHRU, JOHOR.",C · structured (MiniLM),"No.1, Jalan Permas 10/5, Bandar Baru Permas Jaya
81750 Johor Bahru, Johor",True,structured,1364,0.0
lo0190,single,lookup,total,How much was the receipt from BIRU PETROLEUM on 11 November 2016?,6.40,C · structured (MiniLM),6.40,True,structured,850,0.0
lo0191,single,lookup,total,How much was the receipt from UNIHAKKA INTERNATIONAL SDN BHD on 12 May 2018?,6.60,C · structured (MiniLM),$6.60,True,structured,928,0.0
lo0192,single,lookup,total,How much was the receipt from RESTORAN WAN SHE on 29 September 2017?,164.40,C · structured (MiniLM),NOT_FOUND,False,vector,1017,0.0
lo0193,single,lookup,total,How much was the receipt from TRIPLE SIX POINT ENTERPRISE 666 on 23 April 2018?,157.90,C · structured (MiniLM),157.90,True,structured,968,0.0
lo0194,single,lookup,address,What is the address on the RESTORAN WAN SHENG receipt from 11 May 2018?,"NO.2, JALAN TEMENGGUNG 19/9, SEKSYEN 9, BANDAR MAHKOTA CHERAS, 43200 CHERAS, SELANGOR",C · structured (MiniLM),"No.2, Jalan Temenggung 19/9, Seksyen 9, Bandar Mahkota Cheras, 43200 Cheras, Selangor",True,structured,1373,0.0
lo0195,single,lookup,date,When was the F&P PHARMACY receipt for 31.90 issued?,02/03/2018,C · structured (MiniLM),02/03/2018,True,structured,868,0.0
lo0196,single,lookup,address,What is the address on the GARDENIA BAKERIES (KL) SDN BHD receipt from 07 October 2017?,"LOT 3, JALAN PELABUR 23/1, 40300 SHAH ALAM, SELANGOR.",C · structured (MiniLM),"Lot 3, Jalan Pelabur 23/1, 40300 Shah Alam, Selangor",True,structured,1328,0.0
lo0197,single,lookup,address,What is the address on the AEON CO. (M) BHD receipt from 17 June 2018?,"3RD FLR, AEON TAMAN MALURI SC JLN JEJAKA, TAMAN MALURI CHERAS, 55100 KUALA LUMPUR",C · structured (MiniLM),"3RD FLR, AEON TAMAN MALURI SC
JLN JEJAKA, TAMAN MALURI
CHERAS, 55100 KUALA LUMPUR",True,structured,1448,0.0
lo0198,single,lookup,total,How much was the receipt from CONTENTO on 20 March 2018?,21.60,C · structured (MiniLM),21.60,True,structured,805,0.0
lo0199,single,lookup,total,How much was the receipt from CHA FOR TEA on 19 April 2018?,46.25,C · structured (MiniLM),46.25,True,structured,855,0.0
ag0200,single,aggregate,sum_total,How much did I spend at GERBANG ALAF RESTAURANTS SDN BHD in total?,262.20,C · structured (MiniLM),262.20,True,sql,648,0.0
ag0201,single,aggregate,count,How many receipts do I have from GERBANG ALAF RESTAURANTS SDN BHD?,7,C · structured (MiniLM),7,True,sql,648,0.0
ag0202,single,aggregate,max_total,What was my largest single purchase at GERBANG ALAF RESTAURANTS SDN BHD?,109.05,C · structured (MiniLM),109.05,True,sql,647,0.0
ag0203,single,aggregate,sum_total,How much did I spend at SWC ENTERPRISE SDN BHD in total?,16.20,C · structured (MiniLM),16.20,True,sql,590,0.0
ag0204,single,aggregate,count,How many receipts do I have from SWC ENTERPRISE SDN BHD?,3,C · structured (MiniLM),3,True,sql,592,0.0
ag0205,single,aggregate,max_total,What was my largest single purchase at SWC ENTERPRISE SDN BHD?,8.00,C · structured (MiniLM),8.00,True,sql,590,0.0
ag0206,single,aggregate,sum_total,How much did I spend at 99 SPEED MART S/B in total?,779.15,C · structured (MiniLM),779.15,True,sql,553,0.0
ag0207,single,aggregate,count,How many receipts do I have from 99 SPEED MART S/B?,13,C · structured (MiniLM),13,True,sql,548,0.0
ag0208,single,aggregate,max_total,What was my largest single purchase at 99 SPEED MART S/B?,262.20,C · structured (MiniLM),262.20,True,sql,547,0.0
ag0209,single,aggregate,sum_total,How much did I spend at UNIHAKKA INTERNATIONAL SDN BHD in total?,221.20,C · structured (MiniLM),228.90,False,sql,589,0.0
ag0210,single,aggregate,count,How many receipts do I have from UNIHAKKA INTERNATIONAL SDN BHD?,27,C · structured (MiniLM),28,False,sql,591,0.0
ag0211,single,aggregate,max_total,What was my largest single purchase at UNIHAKKA INTERNATIONAL SDN BHD?,12.20,C · structured (MiniLM),12.20,True,sql,590,0.0
ag0212,single,aggregate,sum_total,How much did I spend at PASARAYA BORONG PINTAR SDN BHD in total?,15.35,C · structured (MiniLM),15.35,True,sql,679,0.0
ag0213,single,aggregate,count,How many receipts do I have from PASARAYA BORONG PINTAR SDN BHD?,5,C · structured (MiniLM),5,True,sql,675,0.0
ag0214,single,aggregate,max_total,What was my largest single purchase at PASARAYA BORONG PINTAR SDN BHD?,10.40,C · structured (MiniLM),10.40,True,sql,675,0.0
ag0215,single,aggregate,sum_total,How much did I spend at POPULAR BOOK CO. (M) SDN BHD in total?,227.00,C · structured (MiniLM),86.35,False,sql,632,0.0
ag0216,single,aggregate,count,How many receipts do I have from POPULAR BOOK CO. (M) SDN BHD?,6,C · structured (MiniLM),5,False,sql,632,0.0
ag0217,single,aggregate,max_total,What was my largest single purchase at POPULAR BOOK CO. (M) SDN BHD?,140.65,C · structured (MiniLM),30.70,False,sql,632,0.0
ag0218,single,aggregate,sum_total,How much did I spend at HON HWA HARDWARE TRADING in total?,42.20,C · structured (MiniLM),42.20,True,sql,576,0.0
ag0219,single,aggregate,count,How many receipts do I have from HON HWA HARDWARE TRADING?,4,C · structured (MiniLM),4,True,sql,580,0.0
ag0220,single,aggregate,max_total,What was my largest single purchase at HON HWA HARDWARE TRADING?,19.60,C · structured (MiniLM),19.60,True,sql,575,0.0
ag0221,single,aggregate,sum_total,How much did I spend at AEON CO. (M) BHD in total?,819.65,C · structured (MiniLM),723.10,False,sql,589,0.0
ag0222,single,aggregate,count,How many receipts do I have from AEON CO. (M) BHD?,8,C · structured (MiniLM),8,True,sql,592,0.0
ag0223,single,aggregate,max_total,What was my largest single purchase at AEON CO. (M) BHD?,458.55,C · structured (MiniLM),458.55,True,sql,591,0.0
ag0224,single,aggregate,sum_total,How much did I spend at LIM SENG THO HARDWARE TRADING in total?,25.90,C · structured (MiniLM),25.90,True,sql,603,0.0
ag0225,single,aggregate,count,How many receipts do I have from LIM SENG THO HARDWARE TRADING?,3,C · structured (MiniLM),3,True,sql,608,0.0
ag0226,single,aggregate,max_total,What was my largest single purchase at LIM SENG THO HARDWARE TRADING?,10.50,C · structured (MiniLM),10.50,True,sql,603,0.0
ag0227,single,aggregate,sum_total,How much did I spend at SYARIKAT PERNIAGAAN GIN KEE in total?,822.35,C · structured (MiniLM),822.35,True,sql,663,0.0
ag0228,single,aggregate,count,How many receipts do I have from SYARIKAT PERNIAGAAN GIN KEE?,11,C · structured (MiniLM),11,True,sql,660,0.0
ag0229,single,aggregate,max_total,What was my largest single purchase at SYARIKAT PERNIAGAAN GIN KEE?,190.80,C · structured (MiniLM),190.80,True,sql,662,0.0
ag0230,single,aggregate,sum_total,How much did I spend at WESTERN EASTERN STATIONERY SDN. BHD in total?,57.72,C · structured (MiniLM),57.72,True,sql,633,0.0
ag0231,single,aggregate,count,How many receipts do I have from WESTERN EASTERN STATIONERY SDN. BHD?,3,C · structured (MiniLM),3,True,sql,633,0.0
ag0232,single,aggregate,max_total,What was my largest single purchase at WESTERN EASTERN STATIONERY SDN. BHD?,42.88,C · structured (MiniLM),42.88,True,sql,637,0.0
ag0233,single,aggregate,sum_total,How much did I spend at RESTORAN WAN SHENG in total?,92.30,C · structured (MiniLM),92.30,True,sql,550,0.0
ag0234,single,aggregate,count,How many receipts do I have from RESTORAN WAN SHENG?,14,C · structured (MiniLM),14,True,sql,548,0.0
ag0235,single,aggregate,max_total,What was my largest single purchase at RESTORAN WAN SHENG?,17.60,C · structured (MiniLM),17.60,True,sql,548,0.0
ag0236,single,aggregate,sum_total,How much did I spend at KEDAI PAPAN YEW CHUAN in total?,1078.55,C · structured (MiniLM),1078.55,True,sql,617,0.0
ag0237,single,aggregate,count,How many receipts do I have from KEDAI PAPAN YEW CHUAN?,7,C · structured (MiniLM),7,True,sql,616,0.0
ag0238,single,aggregate,max_total,What was my largest single purchase at KEDAI PAPAN YEW CHUAN?,283.55,C · structured (MiniLM),283.55,True,sql,619,0.0
ag0239,single,aggregate,sum_total,How much did I spend at YONG CEN ENTERPRISE in total?,258.50,C · structured (MiniLM),257.50,True,sql,559,0.0
ag0240,single,aggregate,count,How many receipts do I have from YONG CEN ENTERPRISE?,4,C · structured (MiniLM),4,True,sql,558,0.0
ag0241,single,aggregate,max_total,What was my largest single purchase at YONG CEN ENTERPRISE?,108.00,C · structured (MiniLM),108.00,True,sql,561,0.0
ag0242,single,aggregate,sum_total,How much did I spend at SUPER SEVEN CASH & CARRY SDN BHD in total?,527.85,C · structured (MiniLM),119.40,False,sql,631,0.0
ag0243,single,aggregate,count,How many receipts do I have from SUPER SEVEN CASH & CARRY SDN BHD?,4,C · structured (MiniLM),3,False,sql,635,0.0
ag0244,single,aggregate,max_total,What was my largest single purchase at SUPER SEVEN CASH & CARRY SDN BHD?,408.45,C · structured (MiniLM),59.00,False,sql,633,0.0
ag0245,single,aggregate,sum_total,How much did I spend at SEGI CASH & CARRY SDN. BHD. in total?,902.65,C · structured (MiniLM),929.65,False,sql,639,0.0
ag0246,single,aggregate,count,How many receipts do I have from SEGI CASH & CARRY SDN. BHD.?,3,C · structured (MiniLM),4,False,sql,633,0.0
ag0247,single,aggregate,max_total,What was my largest single purchase at SEGI CASH & CARRY SDN. BHD.?,674.00,C · structured (MiniLM),674.00,True,sql,633,0.0
ag0248,single,aggregate,sum_total,How much did I spend at GUARDIAN HEALTH AND BEAUTY SDN BHD in total?,140.61,C · structured (MiniLM),140.61,True,sql,631,0.0
ag0249,single,aggregate,count,How many receipts do I have from GUARDIAN HEALTH AND BEAUTY SDN BHD?,3,C · structured (MiniLM),3,True,sql,633,0.0
ag0250,single,aggregate,max_total,What was my largest single purchase at GUARDIAN HEALTH AND BEAUTY SDN BHD?,108.21,C · structured (MiniLM),108.21,True,sql,633,0.0
ag0251,single,aggregate,sum_total,How much did I spend at MR. D.I.Y. (M) SDN BHD in total?,363.80,C · structured (MiniLM),451.60,False,sql,652,0.0
ag0252,single,aggregate,count,How many receipts do I have from MR. D.I.Y. (M) SDN BHD?,12,C · structured (MiniLM),17,False,sql,647,0.0
ag0253,single,aggregate,max_total,What was my largest single purchase at MR. D.I.Y. (M) SDN BHD?,96.90,C · structured (MiniLM),96.90,True,sql,645,0.0
ag0254,single,aggregate,sum_total,How much did I spend at PRINT EXPERT SDN BHD in total?,550.35,C · structured (MiniLM),550.35,True,sql,559,0.0
ag0255,single,aggregate,count,How many receipts do I have from PRINT EXPERT SDN BHD?,3,C · structured (MiniLM),3,True,sql,559,0.0
ag0256,single,aggregate,max_total,What was my largest single purchase at PRINT EXPERT SDN BHD?,226.60,C · structured (MiniLM),226.60,True,sql,562,0.0
ag0257,single,aggregate,sum_total,How much did I spend at KING'S CONFECTIONERY S/B in total?,114.60,C · structured (MiniLM),114.60,True,sql,589,0.0
ag0258,single,aggregate,count,How many receipts do I have from KING'S CONFECTIONERY S/B?,4,C · structured (MiniLM),4,True,sql,595,0.0
ag0259,single,aggregate,max_total,What was my largest single purchase at KING'S CONFECTIONERY S/B?,70.00,C · structured (MiniLM),70.00,True,sql,591,0.0
ag0260,single,aggregate,sum_total,How much did I spend at BEMED (SP) SDN. BHD. in total?,533.00,C · structured (MiniLM),841.70,False,sql,618,0.0
ag0261,single,aggregate,count,How many receipts do I have from BEMED (SP) SDN. BHD.?,3,C · structured (MiniLM),4,False,sql,620,0.0
ag0262,single,aggregate,max_total,What was my largest single purchase at BEMED (SP) SDN. BHD.?,203.00,C · structured (MiniLM),308.70,False,sql,618,0.0
ag0263,single,aggregate,sum_total,How much did I spend at GARDENIA BAKERIES (KL) SDN BHD in total?,1104.55,C · structured (MiniLM),1081.53,False,sql,661,0.0
ag0264,single,aggregate,count,How many receipts do I have from GARDENIA BAKERIES (KL) SDN BHD?,31,C · structured (MiniLM),30,False,sql,668,0.0
ag0265,single,aggregate,max_total,What was my largest single purchase at GARDENIA BAKERIES (KL) SDN BHD?,84.78,C · structured (MiniLM),84.78,True,sql,659,0.0
ag0266,single,aggregate,sum_total,How much did I spend at YIN MA (M) SDN.BHD. in total?,52.60,C · structured (MiniLM),52.60,True,sql,606,0.0
ag0267,single,aggregate,count,How many receipts do I have from YIN MA (M) SDN.BHD.?,3,C · structured (MiniLM),3,True,sql,603,0.0
ag0268,single,aggregate,max_total,What was my largest single purchase at YIN MA (M) SDN.BHD.?,32.70,C · structured (MiniLM),32.70,True,sql,604,0.0
ag0269,single,aggregate,sum_total,How much did I spend at KEDAI UBAT & RUNCIT HONG NING SDN. BHD. in total?,738.65,C · structured (MiniLM),738.65,True,sql,717,0.0
ag0270,single,aggregate,count,How many receipts do I have from KEDAI UBAT & RUNCIT HONG NING SDN. BHD.?,4,C · structured (MiniLM),4,True,sql,722,0.0
ag0271,single,aggregate,max_total,What was my largest single purchase at KEDAI UBAT & RUNCIT HONG NING SDN. BHD.?,676.00,C · structured (MiniLM),676.00,True,sql,718,0.0
ag0272,single,aggregate,sum_total,How much did I spend at MR. D.I.Y. (KUCHAI) SDN BHD in total?,75.90,C · structured (MiniLM),451.60,False,sql,676,0.0
ag0273,single,aggregate,count,How many receipts do I have from MR. D.I.Y. (KUCHAI) SDN BHD?,4,C · structured (MiniLM),17,False,sql,676,0.0
ag0274,single,aggregate,max_total,What was my largest single purchase at MR. D.I.Y. (KUCHAI) SDN BHD?,34.40,C · structured (MiniLM),96.90,False,sql,674,0.0
ag0275,single,aggregate,sum_total,How much did I spend at SANYU STATIONERY SHOP in total?,99.50,C · structured (MiniLM),99.50,True,sql,561,0.0
ag0276,single,aggregate,count,How many receipts do I have from SANYU STATIONERY SHOP?,13,C · structured (MiniLM),13,True,sql,561,0.0
ag0277,single,aggregate,max_total,What was my largest single purchase at SANYU STATIONERY SHOP?,21.90,C · structured (MiniLM),21.90,True,sql,565,0.0
ag0278,single,aggregate,sum_total,How much did I spend at MOONLIGHT CAKE HOUSE SDN BHD in total?,59.40,C · structured (MiniLM),59.40,True,sql,604,0.0
ag0279,single,aggregate,count,How many receipts do I have from MOONLIGHT CAKE HOUSE SDN BHD?,3,C · structured (MiniLM),3,True,sql,606,0.0
ag0280,single,aggregate,max_total,What was my largest single purchase at MOONLIGHT CAKE HOUSE SDN BHD?,28.20,C · structured (MiniLM),28.20,True,sql,605,0.0
ag0281,single,aggregate,sum_year,How much did I spend in total during 2016?,2267.75,C · structured (MiniLM),1868.39,False,sql,520,0.0
ag0282,single,aggregate,count_year,How many receipts do I have from 2016?,31,C · structured (MiniLM),30,False,sql,518,0.0
ag0283,single,aggregate,sum_year,How much did I spend in total during 2017?,6199.66,C · structured (MiniLM),6058.01,False,sql,519,0.0
ag0284,single,aggregate,count_year,How many receipts do I have from 2017?,105,C · structured (MiniLM),104,False,sql,525,0.0
ag0285,single,aggregate,sum_year,How much did I spend in total during 2018?,12500.91,C · structured (MiniLM),11913.94,False,sql,518,0.0
ag0286,single,aggregate,count_year,How many receipts do I have from 2018?,203,C · structured (MiniLM),200,False,sql,518,0.0
lo0000,single,lookup,date,When was the MR. D.I.Y. (M) SDN BHD receipt for 6.20 issued?,23/03/2018,C · structured (Titan),23-03-18,False,structured,1494,0.0
lo0001,single,lookup,address,What is the address on the SANYU STATIONERY SHOP receipt from 24 October 2017?,"NO. 31G&33G, JALAN SETIA INDAH X ,U13/X 40170 SETIA ALAM",C · structured (Titan),"NO. 31G&33G, JALAN SETIA INDAH X ;U13/X
40170 SETIA ALAM",True,structured,1353,0.0
lo0002,single,lookup,total,How much was the receipt from GERBANG ALAF RESTAURANTS SDN BHD on 24 June 2018?,7.35,C · structured (Titan),7.35,True,structured,984,0.0
lo0003,single,lookup,total,How much was the receipt from ALI BABA INTERNATIONAL SDN BHD on 19 February 2018?,23.80,C · structured (Titan),23.80,True,structured,941,0.0
lo0004,single,lookup,address,What is the address on the GARDENIA BAKERIES (KL) SDN BHD receipt from 07 August 2017?,"LOT 3, JALAN PELABUR 23/1, 40300 SHAH ALAM, SELANGOR.",C · structured (Titan),"Lot 3, Jalan Pelabur 23/1, 40300 Shah Alam, Selangor",True,structured,1372,0.0
lo0005,single,lookup,total,How much was the receipt from MR. D.I.Y. (KUCHAI) SDN BHD on 10 January 2016?,8.10,C · structured (Titan),8.10,True,structured,1112,0.0
lo0006,single,lookup,address,What is the address on the KOREAN DINE SDN BHD receipt from 19 June 2018?,"NO 4, JALAN PERMAS 10/5. BANDAR BARU PERMAS JAYA, 81750 JOHOR BAHRU, JOHOR.",C · structured (Titan),"No 4, Jalan Permas 10/5.
Bandar Baru Permas Jaya,
81750 Johor Bahru, Johor.",True,structured,1388,0.0
lo0007,single,lookup,address,What is the address on the UNIHAKKA INTERNATIONAL SDN BHD receipt from 25 March 2018?,"12, JALAN TAMPOI 7/4,KAWASAN PERINDUSTRIAN TAMPOI,81200 JOHOR BAHRU,JOHOR",C · structured (Titan),"12, Jalan Tampoi 7/4,Kawasan Perindustrian Tampoi,81200 Johor Bahru,Johor",True,structured,1372,0.0
lo0008,single,lookup,total,How much was the receipt from MEI LET RESTAURANT on 12 January 2017?,59.35,C · structured (Titan),59.35,True,structured,915,0.0
lo0009,single,lookup,total,How much was the receipt from RESTORAN WAN SHENG on 05 May 2018?,7.60,C · structured (Titan),7.60,True,structured,878,0.0
lo0010,single,lookup,total,How much was the receipt from AEON CO. (M) BHD on 11 May 2018?,458.55,C · structured (Titan),458.55,True,structured,993,0.0
lo0011,single,lookup,total,How much was the receipt from YHM MID VALLEY on 15 December 2017?,21.60,C · structured (Titan),21.60,True,structured,878,0.0
lo0012,single,lookup,address,What is the address on the GUARDIAN HEALTH AND BEAUTY SDN BHD receipt from 09 March 2018?,"G31 & G32, GRD FLR, IOI MALL BANDAR PUCHONG JAYA",C · structured (Titan),"631 & G32, Grd Flr, 101 Mall",False,structured,1168,0.0
lo0013,single,lookup,total,How much was the receipt from MR. D. I. Y. (KUCHAI) SDN BHD on 19 March 2018?,11.90,C · structured (Titan),NOT_FOUND,False,structured,1010,0.0
lo0014,single,lookup,total,How much was the receipt from TED HENG STATIONERY & BOOKS on 27 January 2018?,27.35,C · structured (Titan),27.35,True,vector,1202,0.0
lo0015,single,lookup,total,How much was the receipt from YIN MA (M) SDN.BHD. on 19 July 2016?,14.50,C · structured (Titan),14.50,True,structured,952,0.0
lo0016,single,lookup,address,What is the address on the UNIHAKKA INTERNATIONAL SDN BHD receipt from 21 May 2018?,"2, JALAN TAMPOI 7/4,KAWASAN PERINDUSTRIAN TAMPOI,81200 JOHOR BAHRU,JOHOR",C · structured (Titan),"2, Jalan Tampoi 7/4,Kawasan Perindustrian Tampoi,81200 Johor Bahru,Johor",True,structured,1353,0.0
lo0017,single,lookup,address,What is the address on the GARDENIA BAKERIES (KL) SDN BHD receipt from 12 September 2017?,"LOT 3, JALAN PELABUR 23/1, 40300 SHAH ALAM, SELANGOR.",C · structured (Titan),"Lot 3, Jalan Pelabur 23/1, 40300 Shah Alam, Selangor",True,structured,1368,0.0
lo0018,single,lookup,address,What is the address on the KOH SENG HARDWARE receipt from 04 December 2017?,"NO. 939, BATU LIMA, JALAN IPOH, 51200 KUALA LUMPUR.",C · structured (Titan),"NO. 939, BATU LIMA, JALAN IPOH, 51200 KUALA LUMPUR",True,structured,1257,0.0
lo0019,single,lookup,date,When was the BENS INDEPENDENT GROCER SDN. BHD receipt for 133.70 issued?,09/03/2018,C · structured (Titan),NOT_FOUND,False,structured,1020,0.0
lo0020,single,lookup,total,How much was the receipt from KEDA PAPAN YEW CHJAN on 08 March 2018?,312.70,C · structured (Titan),NOT_FOUND,False,vector,1189,0.0
lo0021,single,lookup,total,How much was the receipt from MR. D.I.Y. (KUCHAI) SDN BHD on 11 January 2016?,7.00,C · structured (Titan),7.00,True,structured,1068,0.0
lo0022,single,lookup,date,When was the DREAM ARTS receipt for 15.00 issued?,29/03/2018,C · structured (Titan),29/03/2018,True,structured,808,0.0
lo0023,single,lookup,date,When was the SWC ENTERPRISE SDN BHD receipt for 4.00 issued?,06/03/2018,C · structured (Titan),06/03/2018,True,structured,859,0.0
lo0024,single,lookup,date,When was the SUPER TERMINAL SDN BHD receipt for 132.50 issued?,20/01/2018,C · structured (Titan),20/01/2018,True,structured,877,0.0
lo0025,single,lookup,date,When was the SYARIKAT PERNIAGAAN GIN KEE receipt for 11.13 issued?,15/01/2018,C · structured (Titan),15/01/2018,True,structured,1092,0.0
lo0026,single,lookup,address,What is the address on the GARDENIA BAKERIES (KL) SDN BHD receipt from 16 October 2017?,"LOT 3, JALAN PELABUR 23/1, 40300 SHAH ALAM, SELANGOR.",C · structured (Titan),"Lot 3, Jalan Pelabur 23/1, 40300 Shah Alam, Selangor",True,structured,1369,0.0
lo0027,single,lookup,total,How much was the receipt from SYARIKAT PERNIAGAAN GIN KEE on 30 December 2017?,89.04,C · structured (Titan),89.04,True,structured,1009,0.0
lo0028,single,lookup,address,What is the address on the BHPETROL PERMAS JAYA 2 receipt from 08 May 2018?,"LOT PTD 101051 JALAN PERMAS 10/10 81750 MASAI, JOHOR",C · structured (Titan),"Jalan Permas 10/10
81750 Masai, Johor",True,structured,1179,0.0
lo0029,single,lookup,total,How much was the receipt from B & BEST RESTAURANT on 19 April 2017?,14.85,C · structured (Titan),14.85,True,structured,903,0.0
lo0030,single,lookup,date,When was the UNIHAKKA INTERNATIONAL SDN BHD receipt for 8.90 issued?,14/04/2018,C · structured (Titan),14 Apr 2018,True,structured,855,0.0
lo0031,single,lookup,total,How much was the receipt from KEDAI BUKU NEW ACHEIVERS on 15 September 2017?,48.00,C · structured (Titan),48.00,True,structured,989,0.0
lo0032,single,lookup,total,How much was the receipt from HENG KEE DELIGHTS BAK KUT TEH. on 04 January 2018?,42.00,C · structured (Titan),42.00,True,structured,996,0.0
lo0033,single,lookup,address,What is the address on the 99 SPEED MART S/B receipt from 26 March 2018?,"LOT P.T. 2811, JALAN ANGSA, TAMAN BERKELEY 41150 KLANG, SELANGOR 1330 JLN KENANGA",C · structured (Titan),"LOT P.T. 2811. JALAN ANBSA, TAMAN BERMELEY 41150 KLANG, SELANGOR",False,structured,1286,0.0
lo0034,single,lookup,total,How much was the receipt from UNIHAKKA INTERNATIONAL SDN BHD on 06 April 2018?,7.60,C · structured (Titan),7.60,True,structured,924,0.0
lo0035,single,lookup,date,When was the GERBANG ALAF RESTAURANTS SDN BHD receipt for 19.00 issued?,30/05/2018,C · structured (Titan),30/05/2018,True,structured,948,0.0
lo0036,single,lookup,total,How much was the receipt from AEON CO. (M) BHD on 21 March 2018?,65.10,C · structured (Titan),65.10,True,structured,951,0.0
lo0037,single,lookup,date,When was the PERNIAGAAN ZHENG HUI receipt for 436.20 issued?,09/02/2018,C · structured (Titan),09/02/2018,True,structured,962,0.0
lo0038,single,lookup,address,What is the address on the FIVE STAR CASH & CARRY receipt from 05 January 2017?,"G.23 & G.22, PLAZA SERI SETIA, NO.1 JALAN SS 9/1, 47300 PJ, SELANGOR.",C · structured (Titan),"G.23 & G.22, Plaza Seri Setia, No.1 Jalan SS 9/1, 47300 PJ, Selangor.",True,structured,1415,0.0
lo0039,single,lookup,address,What is the address on the GARDENIA BAKERIES (KL) SDN BHD receipt from 26 September 2017?,"LOT 3, JALAN PELABUR 23/1, 40300 SHAH ALAM, SELANGOR.",C · structured (Titan),"Lot 3, Jalan Pelabur 23/1, 40300 Shah Alam, Selangor",True,structured,1366,0.0
lo0040,single,lookup,total,How much was the receipt from BOOK TALK (MUTIARA RINI) SDN BHD on 21 June 2018?,9.30,C · structured (Titan),9.30,True,structured,1004,0.0
lo0041,single,lookup,total,How much was the receipt from UNIHAKKA INTERNATIONAL SDN BHD on 05 April 2018?,6.90,C · structured (Titan),$6.90,True,structured,938,0.0
lo0042,single,lookup,address,What is the address on the ANEKA INTERTRADE MARKETING SDN BHD receipt from 19 June 2017?,"150B, JALAN TUDM,KG BARU SUBANG 40150 SHAH ALAM, SELANGOR DARUL EHSAN, MALAYSIA.",C · structured (Titan),"150B, Jalan TUDM, Kg Baru Subang
40150 Shah Alam,
Selangor Darul Ehsan, Malaysia.",True,structured,1406,0.0
lo0043,single,lookup,total,How much was the receipt from KEDAI UBAT & RUNCIT HONG NING SDN. BHD. on 21 December 2016?,8.00,C · structured (Titan),8.00,True,structured,1046,0.0
lo0044,single,lookup,address,What is the address on the 99 SPEED MART S/B receipt from 19 October 2016?,"LOT P.T. 33198, BATU 4 JALAN KAPAR, MUKIM KAPAR 42100 KLANG, SELANGOR 1558-TMN PUSAT KEPONG",C · structured (Titan),"LOT P.T. 33198, BATU 4
JALAN KAPAR, MUKIM KAPAR
42100 KLANG, SELANGOR",True,structured,1396,0.0
lo0045,single,lookup,total,How much was the receipt from SANYU STATIONERY SHOP on 24 September 2017?,8.70,C · structured (Titan),8.70,True,structured,895,0.0
lo0046,single,lookup,total,How much was the receipt from VIVOPAC MARKETING SDN BHD on 13 September 2017?,52.45,C · structured (Titan),52.45,True,structured,965,0.0
lo0047,single,lookup,total,How much was the receipt from RESTORAN WAN SHENG on 21 March 2018?,4.80,C · structured (Titan),4.80,True,structured,856,0.0
lo0048,single,lookup,address,What is the address on the UNIHAKKA INTERNATIONAL SDN BHD receipt from 13 June 2018?,"12, JALAN TAMPOI 7/4,KAWASAN PERINDUSTRIAN TAMPOI,81200 JOHOR BAHRU, JOHOR",C · structured (Titan),"12, Jalan Tampoi 7/4,1 Kawasan Perindustrian Tampoi,81200 Johor Bahru,Johor",False,structured,1386,0.0
lo0049,single,lookup,address,What is the address on the SEN LEE HEONG RESTAURANT receipt from 12 January 2018?,"G-0-1 ,M.AVENUE NO.1 ,JLN 1/38A, SEGAMBUT BAHAGIA,51200, K.LUMPUL",C · structured (Titan),"G-O-1,M.AVENUE NO.1,JLN 1/38A, SEGAMBUT BAHAGIA, 51200, K. LUMPUL",False,structured,1433,0.0
lo0050,single,lookup,total,How much was the receipt from 99 SPEED MART S/B on 31 March 2018?,4.00,C · structured (Titan),4.00,True,structured,861,0.0
lo0051,single,lookup,address,What is the address on the THE TOAST F&B SDN BHD receipt from 19 May 2018?,"LOT 2110&2111 JALAN PERMAS UTARA BANDAR BARU PERMAS 81750,JOHOR BAHRU JOHOR",C · structured (Titan),"LOT 211082111 JALAN PERMAS UTARA
BANDAR BARU PERMAS
81750,JOHOR BAHRU JOHOR",False,structured,1512,0.0
lo0052,single,lookup,address,What is the address on the 118 MJ MOOKATA HOUSE receipt from 11 June 2018?,"NO.7G,JALAN PERMAS 11, BANDAR BARU PERMAS JAYA, 81750 MASAI, JOHOR.",C · structured (Titan),"NO.7G, Jalan Permas 11, Bandar Baru Permas Jaya, 81750 Masai, Johor.",True,structured,1333,0.0
lo0053,single,lookup,total,How much was the receipt from PETRON BKT LANJAN SB on 01 February 2018?,4.90,C · structured (Titan),4.90,True,structured,903,0.0
lo0054,single,lookup,date,When was the UNIPHARM PHARMACY receipt for 24.90 issued?,05/04/2018,C · structured (Titan),05/Apr/2018,False,structured,831,0.0
lo0055,single,lookup,total,How much was the receipt from KEDAI PAPAN YEW CHUAN on 12 March 2018?,283.55,C · structured (Titan),283.55,True,structured,1003,0.0
lo0056,single,lookup,address,What is the address on the AEON CO. (M) BHD receipt from 12 April 2018?,"3RD FLR, AEON TAMAN MALURI SC JLN JEJAKA, TAMAN MALURI CHERAS, 55100 KUALA LUMPUR",C · structured (Titan),"3RD FLR, AEON TAMAN MALURI SC
JLN JEJAKA, TAMAN MALURI
CHERAS, 55100 KUALA LUMPUR",True,structured,1495,0.0
lo0057,single,lookup,total,How much was the receipt from BEMED (SP) SDN. BHD. on 01 April 2017?,165.00,C · structured (Titan),165.00,True,structured,976,0.0
lo0058,single,lookup,address,What is the address on the GERBANG ALAF RESTAURANTS SDN BHD receipt from 26 May 2018?,"LEVEL 6, BANGUNAN TH, DAMANSARA UPTOWN3 NO.3, JALAN SS21/39,47400 PETALING JAYA SELANGOR",C · structured (Titan),"Level 6, Bangunan TH, Damansara Uptown3
No.3, Jalan SS21/39,47400 Petaling Jaya
Selangor",True,structured,1524,0.0
lo0059,single,lookup,date,When was the OLIVE9 PHARMACY SDN BHD receipt for 12.15 issued?,31/03/2017,C · structured (Titan),31/03/2017,True,structured,921,0.0
lo0060,single,lookup,address,What is the address on the CPI ROCKU SDN. BHD. receipt from 19 February 2018?,"LOT F355/356/357, FIRST FLOOR, RAINFOREST, 1 UTAMA SHOPPING CENTRE, LEBUH BANDAR UTAMA, 47800 PETALING JAYA",C · structured (Titan),"LOT F355/356/357, FIRST FLOOR, RAINFOREST, 1 UTAMA SHOPPING CENTRE, LEBUH BANDAR UTAMA, 47800 PETALING JAYA",True,structured,1610,0.0
lo0061,single,lookup,total,How much was the receipt from TRIPLE SIX POINT ENTERPRISE 666 on 22 March 2018?,22.60,C · structured (Titan),22.60,True,structured,944,0.0
lo0062,single,lookup,address,What is the address on the RESTAURANT JIAWEI JIAWEI HOUSE receipt from 23 February 2018?,"13, JLN TASIK UTAMA 8 MEDAN NIAGA DAMAI SG BESI",C · structured (Titan),"13, JLN TASIK UTAMA 8
MEDAN NIAGA DAMAI SG BESI
57000 KL",True,structured,1357,0.0
lo0063,single,lookup,date,When was the MR. D.I.Y. (M) SDN BHD receipt for 59.20 issued?,10/01/2016,C · structured (Titan),10-01-16,False,structured,961,0.0
lo0064,single,lookup,total,How much was the receipt from PAPPARICH BMC on 29 June 2018?,46.90,C · structured (Titan),46.90,True,structured,880,0.0
lo0065,single,lookup,total,How much was the receipt from SUPER SEVEN CASH & CARRY SDN BHD on 01 February 2018?,42.10,C · structured (Titan),42.10,True,structured,999,0.0
lo0066,single,lookup,total,How much was the receipt from GARDENIA BAKERIES (KL) SDN BHD on 23 July 2017?,26.58,C · structured (Titan),26.58,True,structured,1028,0.0
lo0067,single,lookup,total,How much was the receipt from 99 SPEED MART S/B on 07 February 2017?,37.45,C · structured (Titan),37.45,True,structured,877,0.0
lo0068,single,lookup,address,What is the address on the ECONSAVE CASH & CARRY (FC) S/B receipt from 22 March 2018?,"LOT GO1, KL FESTIVAL CITY, NO. 67 JIN IBU KOTA TMN DANAU KOTA, KL",C · structured (Titan),"Lot G01, KL Festival City,
No. 67 Jln Ibu Kota Tmn Danau Kota, KL",False,vector,1676,0.0
lo0069,single,lookup,total,How much was the receipt from YONG TAT HARDWARE TRADING on 13 March 2018?,72.00,C · structured (Titan),72.00,True,structured,943,0.0
lo0070,single,lookup,total,How much was the receipt from MUN HENG ELECTRICAL & HARDWARE SUPPLY on 01 February 2018?,7.00,C · structured (Titan),7.00,True,structured,966,0.0
lo0071,single,lookup,date,When was the MR. D.I.Y. (KUCHAI) SDN BHD receipt for 26.40 issued?,01/02/2016,C · structured (Titan),01-02-16,False,structured,1081,0.0
lo0072,single,lookup,total,How much was the receipt from BECON ENTERPRISE SDN BHD on 13 November 2017?,270.10,C · structured (Titan),270.10,True,vector,1149,0.0
lo0073,single,lookup,date,When was the BENS INDEPENDENT GROCER SDN. BHD receipt for 81.00 issued?,08/03/2018,C · structured (Titan),08/03/18,True,structured,961,0.0
lo0074,single,lookup,total,How much was the receipt from SEGI CASH & CARRY SDN.BHD on 06 February 2017?,27.00,C · structured (Titan),27.00,True,structured,967,0.0
lo0075,single,lookup,date,When was the 99 SPEED MART S/B receipt for 98.90 issued?,28/01/2018,C · structured (Titan),28/1/18,True,structured,788,0.0
lo0076,single,lookup,total,How much was the receipt from PASARAYA BORONG PINTAR SDN BHD on 09 March 2018?,10.40,C · structured (Titan),10.40,True,structured,1018,0.0
lo0077,single,lookup,address,What is the address on the GERBANG ALAF RESTAURANTS SDN BHD receipt from 27 April 2018?,"LEVEL 6, BANGUNAN TH, DAMANSARA UPTOWN3 NO.3, JALAN SS21/39, 47400 PETALING JAYA SELANGOR",C · structured (Titan),"Level 6, Bangunan TH, Damansara Uptown3
No.3, Jalan SS21/39, 47400 Petaling Jaya
Selangor",True,structured,1546,0.0
lo0078,single,lookup,total,How much was the receipt from BEMED (SP) SDN. BHD. on 20 January 2017?,203.00,C · structured (Titan),203.00,True,structured,982,0.0
lo0079,single,lookup,total,How much was the receipt from ROYALTEA on 09 May 2018?,10.90,C · structured (Titan),10.90,True,structured,868,0.0
lo0080,single,lookup,date,When was the SYARIKAT PERNIAGAAN GIN KEE receipt for 190.80 issued?,25/01/2018,C · structured (Titan),25/01/2018,True,structured,991,0.0
lo0081,single,lookup,total,How much was the receipt from PELITA SAMUDRA PERTAMA (M) SDN BHD. on 03 June 2018?,61.70,C · structured (Titan),61.70,True,structured,1083,0.0
lo0082,single,lookup,total,How much was the receipt from GARDENIA BAKERIES (KL) SDN BHD on 31 August 2017?,1.52,C · structured (Titan),1.52,True,structured,1019,0.0
lo0083,single,lookup,date,When was the KEDAI UBAT & RUNCIT HONG NING SDN. BHD. receipt for 676.00 issued?,02/02/2016,C · structured (Titan),02/02/16,True,structured,1009,0.0
lo0084,single,lookup,total,How much was the receipt from SANYU STATIONERY SHOP on 16 December 2017?,8.70,C · structured (Titan),8.70,True,structured,901,0.0
lo0085,single,lookup,address,What is the address on the SUPER NINETY NINE SDN.BHD. receipt from 31 May 2018?,"NO.3343, GROUND FLOOR, JALAN 18/32, TAMAN SRI SERDANG, 43300 SERI KEMBANGAN,",C · structured (Titan),"No.3343, Ground Floor, Jalan 18/32, Taman Sri Serdang, 43300 Seri Kembangan",True,structured,1416,0.0
lo0086,single,lookup,total,How much was the receipt from THONG RECIPE on 27 June 2018?,58.70,C · structured (Titan),58.70,True,structured,882,0.0
lo0087,single,lookup,total,How much was the receipt from YHM AEON TEBRAU CITY on 11 March 2018?,49.70,C · structured (Titan),49.70,True,structured,960,0.0
lo0088,single,lookup,address,What is the address on the HON HWA HARDWARE TRADING receipt from 11 February 2017?,"NO 37, JALAN MANIS 7, TAMAN SEGAR, 56100 CHERAS, KUALA LUMPUR.",C · structured (Titan),"NO 37, JALAN MANIS 7. TAMAN SEGAR, 56100 CHERAS, KUALA LUMPUR",True,structured,1352,0.0
lo0089,single,lookup,date,When was the UNIHAKKA INTERNATIONAL SDN BHD receipt for 7.80 issued?,11/05/2018,C · structured (Titan),11 May 2018,True,structured,853,0.0
lo0090,single,lookup,total,How much was the receipt from BEMED (SP) SDN BHD. on 27 March 2018?,308.70,C · structured (Titan),308.70,True,structured,970,0.0
lo0091,single,lookup,address,What is the address on the SKL DAMANSARA ENTERPRISE receipt from 28 July 2017?,"69G, JALAN SS21/60, DAMANSARA UTAMA, 47400 PETALING JAYA, SELANGOR.",C · structured (Titan),"69G, JALAN SS21/60, DAMANSARA UTAMA, 47400 PETALING JAYA, SELANGOR",True,structured,1385,0.0
lo0092,single,lookup,date,When was the GARDENIA BAKERIES (KL) SDN BHD receipt for 55.14 issued?,20/08/2017,C · structured (Titan),20/08/2017,True,structured,989,0.0
lo0093,single,lookup,address,What is the address on the SANYU STATIONERY SHOP receipt from 23 November 2017?,"NO. 31G&33G, JALAN SETIA INDAH X ,U13/X 40170 SETIA ALAM",C · structured (Titan),"NO. 31G&33G, JALAN SETIA INDAH X U13/X
40170 SETIA ALAM",True,structured,1349,0.0
lo0094,single,lookup,total,How much was the receipt from SIN LIANHAP SDN BHD on 05 February 2018?,7.30,C · structured (Titan),7.30,True,structured,943,0.0
lo0095,single,lookup,address,What is the address on the EXQUISITE GARDEN SDN BHD receipt from 03 June 2018?,"LOT NO R134,GIANT HYPERMARKET PLENTONG NO3, JALAN MASAI LAMA 81750 MASAI. JAHOR BAHRU",C · structured (Titan),"LOT NO R134, Giant Hypermarket Plentong
No3, Jalan Masai Lama
81750 Masai. Johor Bahru",False,structured,1425,0.0
lo0096,single,lookup,total,How much was the receipt from MY MYDIN SDN BHD on 15 January 2018?,5.50,C · structured (Titan),5.50,True,vector,1144,0.0
lo0097,single,lookup,address,What is the address on the RESTORAN WAN SHENG receipt from 17 March 2018?,"NO.2, JALAN TEMENGGUNG 19/9, SEKSYEN 9, BANDAR MAHKOTA CHERAS, 43200 CHERAS, SELANGOR",C · structured (Titan),"No.2, Jalan Temenggung 19/9,
Seksyen 9, Bandar Mahkota Cheras,
43200 Cheras, Selangor",True,structured,1418,0.0
lo0098,single,lookup,address,What is the address on the KOH SENG HARDWARE receipt from 01 February 2018?,"NO. 939, BATU LIMA, JALAN IPOH, 51200 KUALA LUMPUR.",C · structured (Titan),"NO. 939, BATU LIMA, JALAN IPOH, 51200 KUALA LUMPUR",True,structured,1253,0.0
lo0099,single,lookup,address,What is the address on the GARDENIA BAKERIES (KL) SDN BHD receipt from 11 October 2017?,"LOT 3, JALAN PELABUR 23/1, 40300 SHAH ALAM, SELANGOR.",C · structured (Titan),"Lot 3, Jalan Pelabur 23/1, 40300 Shah Alam, Selangor",True,structured,1351,0.0
lo0100,single,lookup,address,What is the address on the YIN MA (M) SDN.BHD. receipt from 31 January 2016?,"NO.2, JALAN UDANG SIAR 2, TAMAN SRI SEGAMBUT, 52000 KUALA LUMPUR.",C · structured (Titan),"NO.2, JALAN UDANG SIAR 2, TAMAN SRI SEGAMBUT, 52000 KUALA LUMPUR",True,structured,1375,0.0
lo0101,single,lookup,address,What is the address on the UROKO JAPANESE CUISINE SDN BHD receipt from 20 March 2018?,"22A-1, JALAN 17/54, SECTION 17, 46400 PETALING JAYA, SELANGOR.",C · structured (Titan),"22A-1, JALAN 17/54, SECTION 17, 46400 PETALING JAYA, SELANGOR",True,structured,1478,0.0
lo0102,single,lookup,address,What is the address on the SWC ENTERPRISE SDN BHD receipt from 02 January 2018?,"8 & 10, JALAN IJOK PERMAI 1, PUSAT NIAGA IJOK PERMAI, 48000 IJOK, SELANGOR.",C · structured (Titan),"8 & 10, Jalan Ijok Permai 1,
Pusat Niaga Ijok Permai,
48000 Ijok, Selangor.",True,structured,1416,0.0
lo0103,single,lookup,address,What is the address on the VIVOPAC MARKETING SDN BHD receipt from 17 January 2017?,14 JALAN MANIS 4 TAMAN SEGAR 56100 KL,C · structured (Titan),14 JALAN MANIS 4 TAMAN SEGAR 56100 KL,True,structured,1193,0.0
lo0104,single,lookup,total,How much was the receipt from GERBANG ALAF RESTAURANTS SDN BHD on 18 January 2018?,38.90,C · structured (Titan),38.90,True,structured,996,0.0
lo0105,single,lookup,address,What is the address on the MOONLIGHT CAKE HOUSE SDN BHD receipt from 07 June 2018?,"NO.1, JALAN PERMAS 10/5, BANDAR BARU PERMAS JAYA 81750 JOHOR BAHRU, JOHOR.",C · structured (Titan),"No.1, Jalan Permas 10/5, Bandar Baru Permas Jaya
81750 Johor Bahru, Johor",True,structured,1406,0.0
lo0106,single,lookup,address,What is the address on the DEWINA HOST SDN BHD receipt from 27 March 2018?,"LOT SATMZ 23, MEZZANINE LEVEL SATELLITE BUILDING KUALA LUMPUR INTERNATIONAL AIRPORT",C · structured (Titan),NOT_FOUND,False,vector,1145,0.0
lo0107,single,lookup,total,How much was the receipt from GARDENIA BAKERIES (KL) SDN BHD on 02 September 2017?,48.57,C · structured (Titan),48.57,True,structured,1039,0.0
lo0108,single,lookup,total,How much was the receipt from POPULAR BOOK CO. (M) SDN BHD on 20 August 2017?,5.05,C · structured (Titan),5.05,True,structured,969,0.0
lo0109,single,lookup,address,What is the address on the MR. D.I.Y. (M) SDN BHD receipt from 06 May 2016?,"LOT 1851-A & 1851-B, JALAN KPB 6, KAWASAN PERINDUSTRIAN BALAKONG, 43300 SERI KEMBANGAN, SELANGOR",C · structured (Titan),"LOT 1851 -A & 1851-B, JALAN KPB 6, KAWASAN PERINDUSTRIAN BALAKONG, 43300 SERI KEMBANGAN, SELANGOR",True,structured,1701,0.0
lo0110,single,lookup,date,When was the UNIHAKKA INTERNATIONAL SDN BHD receipt for 6.60 issued?,20/03/2018,C · structured (Titan),20 Mar 2018,True,structured,931,0.0
lo0111,single,lookup,total,How much was the receipt from PASAR MINI JIN SENG on 03 March 2018?,33.80,C · structured (Titan),33.80,True,structured,934,0.0
lo0112,single,lookup,total,How much was the receipt from MR. D.I.Y. (M) SDN BHD on 22 April 2018?,27.20,C · structured (Titan),27.20,True,structured,1014,0.0
lo0113,single,lookup,date,When was the MODERN DEPOT SDN BHD receipt for 150.00 issued?,04/12/2016,C · structured (Titan),04/12/2016,True,structured,910,0.0
lo0114,single,lookup,total,How much was the receipt from TEO HENG STATIONERY & BOOKS on 15 March 2018?,127.20,C · structured (Titan),127.20,True,structured,973,0.0
lo0115,single,lookup,address,What is the address on the CROSS CHANNEL NETWORK SDN. BHD. receipt from 29 January 2018?,"47, JALAN MERANTI 1, SEK. 3, BANDAR UTAMA BATANG KALI, 44300 BATANG KALI, SELANGOR.",C · structured (Titan),"47, JALAN MERANTI 1, SEK. 3, BANDAR UTAMA BATANG KALI, 44300 BATANG KALI, SELANGOR",True,structured,1486,0.0
lo0116,single,lookup,address,What is the address on the MR. D.I.Y. (M) SDN BHD receipt from 21 March 2018?,"LOT 1851-A & 1851-B, JALAN KPB 6, KAWASAN PERINDUSTRIAN BALAKONG, 43300 SERI KEMBANGAN, SELANGOR",C · structured (Titan),"LOT 1851-A & 1851-B, JALAN KPB 6, KAWASAN PERINDUSTRIAN BALAKONG, 43300 SERI KEMBANGAN, SELANGOR",True,structured,1734,0.0
lo0117,single,lookup,total,How much was the receipt from UNIHAKKA INTERNATIONAL SDN BHD on 07 March 2018?,8.20,C · structured (Titan),8.20,True,structured,928,0.0
lo0118,single,lookup,address,What is the address on the NSK TRADE CITY-SELAYANG receipt from 27 October 2017?,LOT 4674 & 4675 SELAYANG BATU 8 JALAN IPOH 68100 BATU CAVES,C · structured (Titan),"LOT 4674 & 4675 SELAYANG BATU 8
JALAN IPOH 68100 BATU CAVES",True,structured,1372,0.0
lo0119,single,lookup,address,What is the address on the KEDAI UBAT & RUNCIT HONG NING SDN. BHD. receipt from 24 December 2016?,"NO.8,JALAN LANG KUNING, KEPONG BARU, 52100 KUALA LUMPUR",C · structured (Titan),"NO.8, JALAN LANG KUNING, KEPONG BARU, 52100 KUALA LUMPUR",True,structured,1445,0.0
lo0120,single,lookup,total,How much was the receipt from UNIHAKKA INTERNATIONAL SDN BHD on 04 May 2018?,6.60,C · structured (Titan),$6.60,True,structured,947,0.0
lo0121,single,lookup,total,How much was the receipt from GARDENIA BAKERIES (KL) SDN BHD on 29 August 2017?,37.90,C · structured (Titan),37.90,True,structured,1053,0.0
lo0122,single,lookup,date,When was the ROYALTEA receipt for 13.10 issued?,02/06/2018,C · structured (Titan),02/06/2018,True,structured,821,0.0
lo0123,single,lookup,address,What is the address on the GARDENIA BAKERIES (KL) SDN BHD receipt from 01 September 2017?,"LOT 3, JALAN PELABUR 23/1, 40300 SHAH ALAM, SELANGOR.",C · structured (Titan),"Lot 3, Jalan Pelabur 23/1, 40300 Shah Alam, Selangor",True,structured,1347,0.0
lo0124,single,lookup,address,What is the address on the SYARIKAT KAM LAI SEONG SDN BHD receipt from 08 March 2018?,"NO. 1442, JALAN SK 11/5, SERI KEMBANGAN 43300 SELANGOR",C · structured (Titan),"NO. 1442, JALAN SK 11/5, SERI KEMBANGAN 43300 SELANGOR",True,structured,1436,0.0
lo0125,single,lookup,address,What is the address on the KEDAI BUKU NEW ACHEIVERS receipt from 28 December 2017?,"NO. 12 & 14, JALAN JINJANG 27/54 TAMAN ALAM MEGAH, SEKSYEN 27 40400 SHAH ALAM, SELANGOR D. E.",C · structured (Titan),NOT_FOUND,False,structured,927,0.0
lo0126,single,lookup,address,What is the address on the GUARDIAN HEALTH AND BEAUTY SDN BHD receipt from 01 January 2018?,"SOLARIS MOUNT KIARA NO.8 & 10, GF SOLARIS MOUNT KUARA JLN SOLARIS 5",C · structured (Titan),NOT_FOUND,False,structured,942,0.0
lo0127,single,lookup,address,What is the address on the FLORISM DE ART receipt from 14 January 2018?,"LOT 2.70.00,LEVEL 2, PAVILION KUALA LUMPUR, 168, JALAN BUKIT BINTANG, 55100 KUALA LUMPUR, MALAYSIA.",C · structured (Titan),"LOT 2.70.00, LEVEL 2,
PAVILION KUALA LUMPUR,
168, JALAN BUKIT BINTANG,
55100 KUALA LUMPUR, MALAYSIA",True,structured,1589,0.0
lo0128,single,lookup,date,When was the RESTORAN WAN SHENG receipt for 2.30 issued?,27/06/2018,C · structured (Titan),27-06-2018,True,structured,815,0.0
lo0129,single,lookup,total,How much was the receipt from CHOP YEW LIAN on 23 March 2017?,30.00,C · structured (Titan),30.00,True,structured,894,0.0
lo0130,single,lookup,total,How much was the receipt from RESTORAN WAN SHENG on 07 March 2018?,4.80,C · structured (Titan),4.80,True,structured,862,0.0
lo0131,single,lookup,total,How much was the receipt from UNIHAKKA INTERNATIONAL SDN BHD on 14 June 2018?,10.15,C · structured (Titan),NOT_FOUND,False,structured,897,0.0
lo0132,single,lookup,total,How much was the receipt from MR. D.I.Y. (M) SDN BHD on 14 April 2018?,5.00,C · structured (Titan),5.00,True,structured,981,0.0
lo0133,single,lookup,total,How much was the receipt from GARDENIA BAKERIES (KL) SDN BHD on 02 October 2017?,35.58,C · structured (Titan),35.58,True,structured,1053,0.0
lo0134,single,lookup,total,How much was the receipt from GRAND COMPANIONS SDN BHD on 03 March 2019?,269.40,C · structured (Titan),NOT_FOUND,False,vector,1133,0.0
lo0135,single,lookup,address,What is the address on the GREAT ZONE HOUSEHOLD CENTRE SDN BHD receipt from 18 February 2018?,"60 & 62. JALAN CIKU, 86000,KLUANG",C · structured (Titan),"60 & 62. Jalan Ciku, 86000, KLUANG",True,vector,1491,0.0
lo0136,single,lookup,total,How much was the receipt from SUPER SEVEN CASH & CARRY SDN BHD on 01 March 2018?,408.45,C · structured (Titan),42.10,False,structured,1157,0.0
lo0137,single,lookup,total,How much was the receipt from HIGH FIVE ENTERPRISE on 05 April 2018?,95.48,C · structured (Titan),95.48,True,structured,893,0.0
lo0138,single,lookup,address,What is the address on the MAXINCOME RESOURCES SDN BHD receipt from 10 April 2018?,"NO 16A, JALAN ASTAKA U8/83, BUKIT JELUTONG, 40150 SHAH ALAM, SELANGOR, D.E.",C · structured (Titan),"No 16A, Jalan Astaka U8/83, Bukit Jelutong. 40150 Shah Alam, Selangor, D.E.",True,vector,1673,0.0
lo0139,single,lookup,total,How much was the receipt from GERBANG ALAF RESTAURANTS SDN BHD on 30 April 2017?,47.15,C · structured (Titan),NOT_FOUND,False,structured,974,0.0
lo0140,single,lookup,address,What is the address on the 99 SPEED MART S/B receipt from 20 September 2016?,"LOT P.T. 33198, BATU 4 JALAN KAPAR, MUKIM KAPAR 42100 KLANG, SELANGOR 1558-TMN PUSAT KEPONG",C · structured (Titan),"LOT P.T. 33198, BATU 4
JALAN KAPAR, MUKIM KAPAR
42100 KLANG, SELANGOR",True,structured,1393,0.0
lo0141,single,lookup,address,What is the address on the PREMIO STATIONERY SDN BHD receipt from 20 March 2018?,"NO 57, JALAN SS 3/29, 47300 PETALING JAYA, SELANGOR",C · structured (Titan),No address found,False,structured,946,0.0
lo0142,single,lookup,total,How much was the receipt from KECHARA VEGETARIAN RESTAURANT S/B on 15 May 2018?,64.50,C · structured (Titan),64.50,True,structured,1014,0.0
lo0143,single,lookup,total,How much was the receipt from TS TOOLS HARDWARE & MACHINERY SDN BHD on 21 March 2018?,7.40,C · structured (Titan),7.40,True,structured,998,0.0
lo0144,single,lookup,total,How much was the receipt from BEYOND BROTHERS HARDWARE on 10 November 2017?,67.85,C · structured (Titan),67.85,True,structured,978,0.0
lo0145,single,lookup,date,When was the GOLDEN ARCHES RESTAURANTS SDN BHD receipt for 14.70 issued?,03/12/2016,C · structured (Titan),03/12/2016,True,structured,953,0.0
lo0146,single,lookup,total,How much was the receipt from UNIHAKKA INTERNATIONAL SDN BHD on 05 June 2018?,7.50,C · structured (Titan),7.50,True,structured,924,0.0
lo0147,single,lookup,date,When was the AIK HUAT HARDWARE ENTERPRISE (SETIA ALAM) SDN BHD receipt for 28.00 issued?,22/09/2017,C · structured (Titan),22/09/2017,True,structured,1072,0.0
lo0148,single,lookup,total,How much was the receipt from 99 SPEED MART S/B on 06 December 2016?,85.45,C · structured (Titan),85.45,True,structured,899,0.0
lo0149,single,lookup,date,When was the LA STATIONERY SDN BHD receipt for 56.80 issued?,09/02/2018,C · structured (Titan),09/02/2018,True,structured,905,0.0
lo0150,single,lookup,total,How much was the receipt from MR. D.I.Y. (M) SDN BHD on 27 April 2018?,1.90,C · structured (Titan),1.90,True,structured,983,0.0
lo0151,single,lookup,total,How much was the receipt from SANYU STATIONERY SHOP on 28 October 2017?,21.90,C · structured (Titan),21.90,True,structured,908,0.0
lo0152,single,lookup,address,What is the address on the UNIHAKKA INTERNATIONAL SDN BHD receipt from 03 May 2018?,"12, JALAN TAMPOI 7/4,KAWASAN PERINDUSTRIAN TAMPOI,81200 JOHOR BAHRU,JOHOR",C · structured (Titan),"12, Jalan Tampoi 7/4,Kawasan Perindustrian Tampoi,81200 Johor Bahru,Johor",True,structured,1367,0.0
lo0153,single,lookup,address,What is the address on the AEON CO. (M) BHD receipt from 09 July 2017?,"3RD FLR, AEON TAMAN MALURI SC JLN JEJAKA, TAMAN MALURI CHERAS, 55100 KUALA LUMPUR",C · structured (Titan),"3RD FLR, AEON TAMAN MALURI SC
JLN JEJAKA, TAMAN MALURI
CHERAS, 55100 KUALA LUMPUR",True,structured,1473,0.0
lo0154,single,lookup,date,When was the KING'S CONFECTIONERY S/B receipt for 9.90 issued?,07/02/2017,C · structured (Titan),07/02/17,True,structured,850,0.0
lo0155,single,lookup,total,How much was the receipt from KEDAI PAPAN YEW CHUAN on 10 March 2018?,84.80,C · structured (Titan),84.80,True,structured,987,0.0
lo0156,single,lookup,total,How much was the receipt from SWC ENTERPRISE SDN BHD on 08 January 2018?,8.00,C · structured (Titan),8.00,True,structured,909,0.0
lo0157,single,lookup,total,How much was the receipt from GARDENIA BAKERIES (KL) SDN BHD on 27 October 2017?,35.88,C · structured (Titan),35.88,True,structured,1035,0.0
lo0158,single,lookup,total,How much was the receipt from LIM SENG THO HARDWARE TRADING on 08 February 2018?,10.50,C · structured (Titan),10.50,True,structured,951,0.0
lo0159,single,lookup,total,How much was the receipt from GARDENIA BAKERIES (KL) SDN BHD on 28 October 2017?,32.26,C · structured (Titan),32.26,True,structured,1029,0.0
lo0160,single,lookup,date,When was the POPULAR BOOK CO. (M) SDN BHD receipt for 30.50 issued?,05/03/2018,C · structured (Titan),05/03/18,True,structured,1059,0.0
lo0161,single,lookup,total,How much was the receipt from HON HWA HARDWARE TRADING on 21 September 2017?,10.40,C · structured (Titan),10.40,True,structured,927,0.0
lo0162,single,lookup,total,How much was the receipt from THE CUT STEAKHOUSE &BURGERS on 01 January 2017?,167.55,C · structured (Titan),167.55,True,structured,952,0.0
lo0163,single,lookup,total,How much was the receipt from SANYU STATIONERY SHOP on 12 September 2017?,8.70,C · structured (Titan),8.70,True,structured,894,0.0
lo0164,single,lookup,total,How much was the receipt from MR. D.I.Y. (M) SDN BHD on 11 January 2016?,32.80,C · structured (Titan),32.80,True,structured,1054,0.0
lo0165,single,lookup,address,What is the address on the EVERGREEN LIGHT SDN BHD receipt from 10 July 2017?,"NO.7-1, JALAN PUTERI 7/11, BANDAR PUTERI, 47100 PUCHONG, BELANGOR",C · structured (Titan),"NO.7-1, JALAN PUTERI 7/11, BANDAR PUTERI, 47100 PUCHONG, BELANGOR",True,structured,1388,0.0
lo0166,single,lookup,address,What is the address on the POTTERS GARDEN SDN BHD receipt from 04 January 2018?,"BATU 11 . SG BULOH , 47000 SELANGOR .",C · structured (Titan),"Batu 11. Sg Buloh, 47000 Selangor",True,structured,1168,0.0
lo0167,single,lookup,total,How much was the receipt from AA PHARMACY on 29 January 2018?,46.20,C · structured (Titan),46.20,True,structured,883,0.0
lo0168,single,lookup,date,When was the UNIHAKKA INTERNATIONAL SDN BHD receipt for 7.30 issued?,06/05/2018,C · structured (Titan),06 May 2018,True,structured,849,0.0
lo0169,single,lookup,date,When was the UNIHAKKA INTERNATIONAL SDN BHD receipt for 8.20 issued?,02/05/2018,C · structured (Titan),07 Mar 2018,False,structured,1137,0.0
lo0170,single,lookup,address,What is the address on the KEDAI PAPAN YEW CHUAN receipt from 16 March 2018?,"LOT 276 JALAN BANTING 43800 DENGKIL, SELANGOR.",C · structured (Titan),"LOT 276 JALAN BANTING
43800 DENGKIL, SELANGOR",True,structured,1271,0.0
lo0171,single,lookup,date,When was the CHEF HENRY RIBS HOUSE receipt for 103.85 issued?,05/06/2018,C · structured (Titan),05/06/2018,True,structured,909,0.0
lo0172,single,lookup,total,How much was the receipt from GLOBAL FOOD EMPIRE SDN BHD on 01 May 2018?,38.35,C · structured (Titan),38.35,True,structured,939,0.0
lo0173,single,lookup,address,What is the address on the UNIHAKKA INTERNATIONAL SDN BHD receipt from 13 March 2018?,"12, JALAN TAMPOI 7/4,KAWASAN PERINDUSTRIAN TAMPOI,81200 JOHOR BAHRU,JOHOR",C · structured (Titan),"12, Jalan Tampoi 7/4,Kawasan Perindustrian Tampoi.81200 Johor Bahru,Johor",True,structured,1366,0.0
lo0174,single,lookup,address,What is the address on the GARDENIA BAKERIES (KL) SDN BHD receipt from 24 September 2017?,"LOT 3, JALAN PELABUR 23/1, 40300 SHAH ALAM, SELANGOR.",C · structured (Titan),"Lot 3, Jalan Pelabur 23/1, 40300 Shah Alam, Selangor",True,structured,1345,0.0
lo0175,single,lookup,total,How much was the receipt from C W KHOO HARDWARE SDN BHD on 31 March 2018?,14.65,C · structured (Titan),14.65,True,structured,954,0.0
lo0176,single,lookup,total,How much was the receipt from SYARIKAT PERNIAGAAN GIN KEE on 27 January 2018?,22.26,C · structured (Titan),22.26,True,structured,1016,0.0
lo0177,single,lookup,total,How much was the receipt from RESTORAN WAN SHENG on 10 March 2018?,7.20,C · structured (Titan),7.20,True,structured,862,0.0
lo0178,single,lookup,total,How much was the receipt from SUPER SEVEN CASH & CARRY SDN BHD on 21 March 2018?,18.30,C · structured (Titan),18.30,True,structured,1021,0.0
lo0179,single,lookup,address,What is the address on the 99 SPEED MART S/B receipt from 10 March 2018?,"LOT P.T. 2811, JALAN ANGSA, TAMAN BERKELEY 41150 KLANG, SELANGOR 1572-TMN BKT PANDAN",C · structured (Titan),"LOT P.T. 2811, JALAN ANGSA, TAMAN BERKELEY 41150 KLANG, SELANGOR",True,structured,1298,0.0
lo0180,single,lookup,total,How much was the receipt from KAISON FURNISHING SDN BHD on 25 March 2018?,18.70,C · structured (Titan),18.70,True,structured,955,0.0
lo0181,single,lookup,address,What is the address on the STAR GROCER SDN BHD receipt from 25 March 2018?,"NO 4, DESA PANDAN, OFF KAMPONG PANDAN, 55100 KUALA LUMPUR",C · structured (Titan),No address found,False,structured,915,0.0
lo0182,single,lookup,address,What is the address on the OJC MARKETING SDN BHD receipt from 15 January 2019?,"NO 2 & 4, JALAN BAYU 4, BANDAR SERI ALAM, B1750 MASAI, JOHOR",C · structured (Titan),NOT_FOUND,False,structured,880,0.0
lo0183,single,lookup,date,When was the SANYU STATIONERY SHOP receipt for 8.70 issued?,14/10/2017,C · structured (Titan),16/12/2017,False,structured,1134,0.0
lo0184,single,lookup,total,How much was the receipt from UNIHAKKA INTERNATIONAL SDN BHD on 26 March 2018?,8.20,C · structured (Titan),8.20,True,structured,922,0.0
lo0185,single,lookup,total,How much was the receipt from RESTORAN HWA MUI SUTERA SDN BHD on 29 April 2018?,91.50,C · structured (Titan),91.50,True,structured,1010,0.0
lo0186,single,lookup,date,When was the RESTORAN HOETIM receipt for 83.00 issued?,28/05/2018,C · structured (Titan),28/05/2018,True,structured,851,0.0
lo0187,single,lookup,address,What is the address on the SUPER SEVEN CASH & CARRY SDN BHD receipt from 27 January 2018?,"NO. 1 JALAN EURO 1 OFF JALAN BATU TIGA SUNGAI BULOH SEKSYEN U3 SHAH ALAM, 40150",C · structured (Titan),"NO. 1 JALAN EURO 1
OFF JALAN BATU TIGA
(W)
SUNGAI BULOH SEKSIUN U3 SHAH ALAM, 40150",False,structured,1595,0.0
lo0188,single,lookup,total,How much was the receipt from GUDANG HASIL RESTAURANT SDN BHD on 02 December 2016?,15.80,C · structured (Titan),NOT_FOUND,False,structured,934,0.0
lo0189,single,lookup,address,What is the address on the MOONLIGHT CAKE HOUSE SDN BHD receipt from 02 June 2018?,"NO.1, JALAN PERMAS 10/5, BANDAR BARU PERMAS JAYA 81750 JOHOR BAHRU, JOHOR.",C · structured (Titan),"No.1, Jalan Permas 10/5, Bandar Baru Permas Jaya
81750 Johor Bahru, Johor",True,structured,1384,0.0
lo0190,single,lookup,total,How much was the receipt from BIRU PETROLEUM on 11 November 2016?,6.40,C · structured (Titan),6.40,True,structured,862,0.0
lo0191,single,lookup,total,How much was the receipt from UNIHAKKA INTERNATIONAL SDN BHD on 12 May 2018?,6.60,C · structured (Titan),$6.60,True,structured,942,0.0
lo0192,single,lookup,total,How much was the receipt from RESTORAN WAN SHE on 29 September 2017?,164.40,C · structured (Titan),164.40,True,vector,1051,0.0
lo0193,single,lookup,total,How much was the receipt from TRIPLE SIX POINT ENTERPRISE 666 on 23 April 2018?,157.90,C · structured (Titan),157.90,True,structured,981,0.0
lo0194,single,lookup,address,What is the address on the RESTORAN WAN SHENG receipt from 11 May 2018?,"NO.2, JALAN TEMENGGUNG 19/9, SEKSYEN 9, BANDAR MAHKOTA CHERAS, 43200 CHERAS, SELANGOR",C · structured (Titan),"No.2, Jalan Temenggung 19/9, Seksyen 9, Bandar Mahkota Cheras, 43200 Cheras, Selangor",True,structured,1402,0.0
lo0195,single,lookup,date,When was the F&P PHARMACY receipt for 31.90 issued?,02/03/2018,C · structured (Titan),02/03/2018,True,structured,878,0.0
lo0196,single,lookup,address,What is the address on the GARDENIA BAKERIES (KL) SDN BHD receipt from 07 October 2017?,"LOT 3, JALAN PELABUR 23/1, 40300 SHAH ALAM, SELANGOR.",C · structured (Titan),"Lot 3, Jalan Pelabur 23/1, 40300 Shah Alam, Selangor",True,structured,1347,0.0
lo0197,single,lookup,address,What is the address on the AEON CO. (M) BHD receipt from 17 June 2018?,"3RD FLR, AEON TAMAN MALURI SC JLN JEJAKA, TAMAN MALURI CHERAS, 55100 KUALA LUMPUR",C · structured (Titan),"3RD FLR, AEON TAMAN MALURI SC
JLN JEJAKA, TAMAN MALURI
CHERAS, 55100 KUALA LUMPUR",True,structured,1472,0.0
lo0198,single,lookup,total,How much was the receipt from CONTENTO on 20 March 2018?,21.60,C · structured (Titan),21.60,True,structured,817,0.0
lo0199,single,lookup,total,How much was the receipt from CHA FOR TEA on 19 April 2018?,46.25,C · structured (Titan),46.25,True,structured,865,0.0
ag0200,single,aggregate,sum_total,How much did I spend at GERBANG ALAF RESTAURANTS SDN BHD in total?,262.20,C · structured (Titan),262.20,True,sql,656,0.0
ag0201,single,aggregate,count,How many receipts do I have from GERBANG ALAF RESTAURANTS SDN BHD?,7,C · structured (Titan),7,True,sql,657,0.0
ag0202,single,aggregate,max_total,What was my largest single purchase at GERBANG ALAF RESTAURANTS SDN BHD?,109.05,C · structured (Titan),109.05,True,sql,656,0.0
ag0203,single,aggregate,sum_total,How much did I spend at SWC ENTERPRISE SDN BHD in total?,16.20,C · structured (Titan),16.20,True,sql,602,0.0
ag0204,single,aggregate,count,How many receipts do I have from SWC ENTERPRISE SDN BHD?,3,C · structured (Titan),3,True,sql,603,0.0
ag0205,single,aggregate,max_total,What was my largest single purchase at SWC ENTERPRISE SDN BHD?,8.00,C · structured (Titan),8.00,True,sql,598,0.0
ag0206,single,aggregate,sum_total,How much did I spend at 99 SPEED MART S/B in total?,779.15,C · structured (Titan),779.15,True,sql,553,0.0
ag0207,single,aggregate,count,How many receipts do I have from 99 SPEED MART S/B?,13,C · structured (Titan),13,True,sql,554,0.0
ag0208,single,aggregate,max_total,What was my largest single purchase at 99 SPEED MART S/B?,262.20,C · structured (Titan),262.20,True,sql,553,0.0
ag0209,single,aggregate,sum_total,How much did I spend at UNIHAKKA INTERNATIONAL SDN BHD in total?,228.90,C · structured (Titan),228.90,True,sql,596,0.0
ag0210,single,aggregate,count,How many receipts do I have from UNIHAKKA INTERNATIONAL SDN BHD?,28,C · structured (Titan),28,True,sql,601,0.0
ag0211,single,aggregate,max_total,What was my largest single purchase at UNIHAKKA INTERNATIONAL SDN BHD?,12.20,C · structured (Titan),12.20,True,sql,596,0.0
ag0212,single,aggregate,sum_total,How much did I spend at PASARAYA BORONG PINTAR SDN BHD in total?,15.35,C · structured (Titan),15.35,True,sql,684,0.0
ag0213,single,aggregate,count,How many receipts do I have from PASARAYA BORONG PINTAR SDN BHD?,5,C · structured (Titan),5,True,sql,683,0.0
ag0214,single,aggregate,max_total,What was my largest single purchase at PASARAYA BORONG PINTAR SDN BHD?,10.40,C · structured (Titan),10.40,True,sql,685,0.0
ag0215,single,aggregate,sum_total,How much did I spend at POPULAR BOOK CO. (M) SDN BHD in total?,227.00,C · structured (Titan),86.35,False,sql,640,0.0
ag0216,single,aggregate,count,How many receipts do I have from POPULAR BOOK CO. (M) SDN BHD?,6,C · structured (Titan),5,False,sql,644,0.0
ag0217,single,aggregate,max_total,What was my largest single purchase at POPULAR BOOK CO. (M) SDN BHD?,140.65,C · structured (Titan),30.70,False,sql,642,0.0
ag0218,single,aggregate,sum_total,How much did I spend at HON HWA HARDWARE TRADING in total?,42.20,C · structured (Titan),42.20,True,sql,582,0.0
ag0219,single,aggregate,count,How many receipts do I have from HON HWA HARDWARE TRADING?,4,C · structured (Titan),4,True,sql,584,0.0
ag0220,single,aggregate,max_total,What was my largest single purchase at HON HWA HARDWARE TRADING?,19.60,C · structured (Titan),19.60,True,sql,583,0.0
ag0221,single,aggregate,sum_total,How much did I spend at AEON CO. (M) BHD in total?,870.55,C · structured (Titan),723.10,False,sql,597,0.0
ag0222,single,aggregate,count,How many receipts do I have from AEON CO. (M) BHD?,9,C · structured (Titan),8,False,sql,598,0.0
ag0223,single,aggregate,max_total,What was my largest single purchase at AEON CO. (M) BHD?,458.55,C · structured (Titan),458.55,True,sql,603,0.0
ag0224,single,aggregate,sum_total,How much did I spend at LIM SENG THO HARDWARE TRADING in total?,25.90,C · structured (Titan),25.90,True,sql,611,0.0
ag0225,single,aggregate,count,How many receipts do I have from LIM SENG THO HARDWARE TRADING?,3,C · structured (Titan),3,True,sql,611,0.0
ag0226,single,aggregate,max_total,What was my largest single purchase at LIM SENG THO HARDWARE TRADING?,10.50,C · structured (Titan),10.50,True,sql,612,0.0
ag0227,single,aggregate,sum_total,How much did I spend at SYARIKAT PERNIAGAAN GIN KEE in total?,822.35,C · structured (Titan),822.35,True,sql,668,0.0
ag0228,single,aggregate,count,How many receipts do I have from SYARIKAT PERNIAGAAN GIN KEE?,11,C · structured (Titan),11,True,sql,668,0.0
ag0229,single,aggregate,max_total,What was my largest single purchase at SYARIKAT PERNIAGAAN GIN KEE?,190.80,C · structured (Titan),190.80,True,sql,674,0.0
ag0230,single,aggregate,sum_total,How much did I spend at WESTERN EASTERN STATIONERY SDN. BHD in total?,57.72,C · structured (Titan),57.72,True,sql,640,0.0
ag0231,single,aggregate,count,How many receipts do I have from WESTERN EASTERN STATIONERY SDN. BHD?,3,C · structured (Titan),3,True,sql,640,0.0
ag0232,single,aggregate,max_total,What was my largest single purchase at WESTERN EASTERN STATIONERY SDN. BHD?,42.88,C · structured (Titan),42.88,True,sql,640,0.0
ag0233,single,aggregate,sum_total,How much did I spend at RESTORAN WAN SHENG in total?,92.30,C · structured (Titan),92.30,True,sql,554,0.0
ag0234,single,aggregate,count,How many receipts do I have from RESTORAN WAN SHENG?,14,C · structured (Titan),14,True,sql,552,0.0
ag0235,single,aggregate,max_total,What was my largest single purchase at RESTORAN WAN SHENG?,17.60,C · structured (Titan),17.60,True,sql,553,0.0
ag0236,single,aggregate,sum_total,How much did I spend at KEDAI PAPAN YEW CHUAN in total?,1391.25,C · structured (Titan),1391.25,True,sql,626,0.0
ag0237,single,aggregate,count,How many receipts do I have from KEDAI PAPAN YEW CHUAN?,8,C · structured (Titan),8,True,sql,625,0.0
ag0238,single,aggregate,max_total,What was my largest single purchase at KEDAI PAPAN YEW CHUAN?,312.70,C · structured (Titan),312.70,True,sql,627,0.0
ag0239,single,aggregate,sum_total,How much did I spend at YONG CEN ENTERPRISE in total?,258.50,C · structured (Titan),257.50,True,sql,567,0.0
ag0240,single,aggregate,count,How many receipts do I have from YONG CEN ENTERPRISE?,4,C · structured (Titan),4,True,sql,570,0.0
ag0241,single,aggregate,max_total,What was my largest single purchase at YONG CEN ENTERPRISE?,108.00,C · structured (Titan),108.00,True,sql,567,0.0
ag0242,single,aggregate,sum_total,How much did I spend at SUPER SEVEN CASH & CARRY SDN BHD in total?,527.85,C · structured (Titan),119.40,False,sql,645,0.0
ag0243,single,aggregate,count,How many receipts do I have from SUPER SEVEN CASH & CARRY SDN BHD?,4,C · structured (Titan),3,False,sql,639,0.0
ag0244,single,aggregate,max_total,What was my largest single purchase at SUPER SEVEN CASH & CARRY SDN BHD?,408.45,C · structured (Titan),59.00,False,sql,642,0.0
ag0245,single,aggregate,sum_total,How much did I spend at SEGI CASH & CARRY SDN. BHD. in total?,929.65,C · structured (Titan),929.65,True,sql,639,0.0
ag0246,single,aggregate,count,How many receipts do I have from SEGI CASH & CARRY SDN. BHD.?,4,C · structured (Titan),4,True,sql,641,0.0
ag0247,single,aggregate,max_total,What was my largest single purchase at SEGI CASH & CARRY SDN. BHD.?,674.00,C · structured (Titan),674.00,True,sql,640,0.0
ag0248,single,aggregate,sum_total,How much did I spend at GUARDIAN HEALTH AND BEAUTY SDN BHD in total?,140.61,C · structured (Titan),140.61,True,sql,647,0.0
ag0249,single,aggregate,count,How many receipts do I have from GUARDIAN HEALTH AND BEAUTY SDN BHD?,3,C · structured (Titan),3,True,sql,637,0.0
ag0250,single,aggregate,max_total,What was my largest single purchase at GUARDIAN HEALTH AND BEAUTY SDN BHD?,108.21,C · structured (Titan),108.21,True,sql,640,0.0
ag0251,single,aggregate,sum_total,How much did I spend at MR. D.I.Y. (M) SDN BHD in total?,363.80,C · structured (Titan),451.60,False,sql,653,0.0
ag0252,single,aggregate,count,How many receipts do I have from MR. D.I.Y. (M) SDN BHD?,12,C · structured (Titan),17,False,sql,653,0.0
ag0253,single,aggregate,max_total,What was my largest single purchase at MR. D.I.Y. (M) SDN BHD?,96.90,C · structured (Titan),96.90,True,sql,648,0.0
ag0254,single,aggregate,sum_total,How much did I spend at PRINT EXPERT SDN BHD in total?,550.35,C · structured (Titan),550.35,True,sql,570,0.0
ag0255,single,aggregate,count,How many receipts do I have from PRINT EXPERT SDN BHD?,3,C · structured (Titan),3,True,sql,571,0.0
ag0256,single,aggregate,max_total,What was my largest single purchase at PRINT EXPERT SDN BHD?,226.60,C · structured (Titan),226.60,True,sql,570,0.0
ag0257,single,aggregate,sum_total,How much did I spend at KING'S CONFECTIONERY S/B in total?,114.60,C · structured (Titan),114.60,True,sql,598,0.0
ag0258,single,aggregate,count,How many receipts do I have from KING'S CONFECTIONERY S/B?,4,C · structured (Titan),4,True,sql,597,0.0
ag0259,single,aggregate,max_total,What was my largest single purchase at KING'S CONFECTIONERY S/B?,70.00,C · structured (Titan),70.00,True,sql,596,0.0
ag0260,single,aggregate,sum_total,How much did I spend at BEMED (SP) SDN. BHD. in total?,841.70,C · structured (Titan),841.70,True,sql,623,0.0
ag0261,single,aggregate,count,How many receipts do I have from BEMED (SP) SDN. BHD.?,4,C · structured (Titan),4,True,sql,631,0.0
ag0262,single,aggregate,max_total,What was my largest single purchase at BEMED (SP) SDN. BHD.?,308.70,C · structured (Titan),308.70,True,sql,626,0.0
ag0263,single,aggregate,sum_total,How much did I spend at GARDENIA BAKERIES (KL) SDN BHD in total?,1104.55,C · structured (Titan),1104.55,True,sql,670,0.0
ag0264,single,aggregate,count,How many receipts do I have from GARDENIA BAKERIES (KL) SDN BHD?,31,C · structured (Titan),31,True,sql,669,0.0
ag0265,single,aggregate,max_total,What was my largest single purchase at GARDENIA BAKERIES (KL) SDN BHD?,84.78,C · structured (Titan),84.78,True,sql,671,0.0
ag0266,single,aggregate,sum_total,How much did I spend at YIN MA (M) SDN.BHD. in total?,52.60,C · structured (Titan),52.60,True,sql,611,0.0
ag0267,single,aggregate,count,How many receipts do I have from YIN MA (M) SDN.BHD.?,3,C · structured (Titan),3,True,sql,610,0.0
ag0268,single,aggregate,max_total,What was my largest single purchase at YIN MA (M) SDN.BHD.?,32.70,C · structured (Titan),32.70,True,sql,613,0.0
ag0269,single,aggregate,sum_total,How much did I spend at KEDAI UBAT & RUNCIT HONG NING SDN. BHD. in total?,738.65,C · structured (Titan),738.65,True,sql,728,0.0
ag0270,single,aggregate,count,How many receipts do I have from KEDAI UBAT & RUNCIT HONG NING SDN. BHD.?,4,C · structured (Titan),4,True,sql,730,0.0
ag0271,single,aggregate,max_total,What was my largest single purchase at KEDAI UBAT & RUNCIT HONG NING SDN. BHD.?,676.00,C · structured (Titan),676.00,True,sql,727,0.0
ag0272,single,aggregate,sum_total,How much did I spend at MR. D.I.Y. (KUCHAI) SDN BHD in total?,87.80,C · structured (Titan),451.60,False,sql,685,0.0
ag0273,single,aggregate,count,How many receipts do I have from MR. D.I.Y. (KUCHAI) SDN BHD?,5,C · structured (Titan),17,False,sql,686,0.0
ag0274,single,aggregate,max_total,What was my largest single purchase at MR. D.I.Y. (KUCHAI) SDN BHD?,34.40,C · structured (Titan),96.90,False,sql,684,0.0
ag0275,single,aggregate,sum_total,How much did I spend at SANYU STATIONERY SHOP in total?,99.50,C · structured (Titan),99.50,True,sql,566,0.0
ag0276,single,aggregate,count,How many receipts do I have from SANYU STATIONERY SHOP?,13,C · structured (Titan),13,True,sql,569,0.0
ag0277,single,aggregate,max_total,What was my largest single purchase at SANYU STATIONERY SHOP?,21.90,C · structured (Titan),21.90,True,sql,569,0.0
ag0278,single,aggregate,sum_total,How much did I spend at MOONLIGHT CAKE HOUSE SDN BHD in total?,59.40,C · structured (Titan),59.40,True,sql,614,0.0
ag0279,single,aggregate,count,How many receipts do I have from MOONLIGHT CAKE HOUSE SDN BHD?,3,C · structured (Titan),3,True,sql,613,0.0
ag0280,single,aggregate,max_total,What was my largest single purchase at MOONLIGHT CAKE HOUSE SDN BHD?,28.20,C · structured (Titan),28.20,True,sql,616,0.0
ag0281,single,aggregate,sum_year,How much did I spend in total during 2016?,2267.75,C · structured (Titan),1868.39,False,sql,525,0.0
ag0282,single,aggregate,count_year,How many receipts do I have from 2016?,31,C · structured (Titan),30,False,sql,524,0.0
ag0283,single,aggregate,sum_year,How much did I spend in total during 2017?,6199.66,C · structured (Titan),6058.01,False,sql,523,0.0
ag0284,single,aggregate,count_year,How many receipts do I have from 2017?,105,C · structured (Titan),104,False,sql,524,0.0
ag0285,single,aggregate,sum_year,How much did I spend in total during 2018?,12500.91,C · structured (Titan),11913.94,False,sql,523,0.0
ag0286,single,aggregate,count_year,How many receipts do I have from 2018?,203,C · structured (Titan),200,False,sql,524,0.0
lo0000,single,lookup,date,When was the MR. D.I.Y. (M) SDN BHD receipt for 6.20 issued?,23/03/2018,D · agent,2018-03-23,True,,1379,0.00348
lo0001,single,lookup,address,What is the address on the SANYU STATIONERY SHOP receipt from 24 October 2017?,"NO. 31G&33G, JALAN SETIA INDAH X ,U13/X 40170 SETIA ALAM",D · agent,"NO. 31G&33G, JALAN SETIA INDAH X ;U13/X 40170 SETIA ALAM",True,,1785,0.003636
lo0002,single,lookup,total,How much was the receipt from GERBANG ALAF RESTAURANTS SDN BHD on 24 June 2018?,7.35,D · agent,7.35,True,,1319,0.003576
lo0003,single,lookup,total,How much was the receipt from ALI BABA INTERNATIONAL SDN BHD on 19 February 2018?,23.80,D · agent,23.80,True,,1408,0.003564
lo0004,single,lookup,address,What is the address on the GARDENIA BAKERIES (KL) SDN BHD receipt from 07 August 2017?,"LOT 3, JALAN PELABUR 23/1, 40300 SHAH ALAM, SELANGOR.",D · agent,"Lot 3, Jalan Pelabur 23/1, 40300 Shah Alam, Selangor.",True,,1828,0.003684
lo0005,single,lookup,total,How much was the receipt from MR. D.I.Y. (KUCHAI) SDN BHD on 10 January 2016?,8.10,D · agent,8.10,True,,1425,0.003756
lo0006,single,lookup,address,What is the address on the KOREAN DINE SDN BHD receipt from 19 June 2018?,"NO 4, JALAN PERMAS 10/5. BANDAR BARU PERMAS JAYA, 81750 JOHOR BAHRU, JOHOR.",D · agent,"No 4, Jalan Permas 10/5. Bandar Baru Permas Jaya, 81750 Johor Bahru, Johor.",True,,1804,0.003692
lo0007,single,lookup,address,What is the address on the UNIHAKKA INTERNATIONAL SDN BHD receipt from 25 March 2018?,"12, JALAN TAMPOI 7/4,KAWASAN PERINDUSTRIAN TAMPOI,81200 JOHOR BAHRU,JOHOR",D · agent,"12, Jalan Tampoi 7/4,Kawasan Perindustrian Tampoi,81200 Johor Bahru,Johor",True,,1867,0.00376
lo0008,single,lookup,total,How much was the receipt from MEI LET RESTAURANT on 12 January 2017?,59.35,D · agent,59.35,True,,1232,0.003452
lo0009,single,lookup,total,How much was the receipt from RESTORAN WAN SHENG on 05 May 2018?,7.60,D · agent,7.60,True,,1136,0.003464
lo0010,single,lookup,total,How much was the receipt from AEON CO. (M) BHD on 11 May 2018?,458.55,D · agent,458.55,True,,1165,0.003468
lo0011,single,lookup,total,How much was the receipt from YHM MID VALLEY on 15 December 2017?,21.60,D · agent,21.60,True,,1149,0.003452
lo0012,single,lookup,address,What is the address on the GUARDIAN HEALTH AND BEAUTY SDN BHD receipt from 09 March 2018?,"G31 & G32, GRD FLR, IOI MALL BANDAR PUCHONG JAYA",D · agent,"631 & 632, Grd Flr, 101 Mall Bandar Puchong Jaya",False,,1702,0.003692
lo0013,single,lookup,total,How much was the receipt from MR. D. I. Y. (KUCHAI) SDN BHD on 19 March 2018?,11.90,D · agent,11.90,True,,1389,0.00356
lo0014,single,lookup,total,How much was the receipt from TED HENG STATIONERY & BOOKS on 27 January 2018?,27.35,D · agent,NOT_FOUND,False,,1200,0.003388
lo0015,single,lookup,total,How much was the receipt from YIN MA (M) SDN.BHD. on 19 July 2016?,14.50,D · agent,14.50,True,,1196,0.003452
lo0016,single,lookup,address,What is the address on the UNIHAKKA INTERNATIONAL SDN BHD receipt from 21 May 2018?,"2, JALAN TAMPOI 7/4,KAWASAN PERINDUSTRIAN TAMPOI,81200 JOHOR BAHRU,JOHOR",D · agent,"2, Jalan Tampoi 7/4,Kawasan Perindustrian Tampoi,81200 Johor Bahru,Johor",True,,1884,0.003752
lo0017,single,lookup,address,What is the address on the GARDENIA BAKERIES (KL) SDN BHD receipt from 12 September 2017?,"LOT 3, JALAN PELABUR 23/1, 40300 SHAH ALAM, SELANGOR.",D · agent,"LOT 3, JALAN PELABUR 23/1, 40300 SHAH ALAM, SELANGOR.",True,,1942,0.003688
lo0018,single,lookup,address,What is the address on the KOH SENG HARDWARE receipt from 04 December 2017?,"NO. 939, BATU LIMA, JALAN IPOH, 51200 KUALA LUMPUR.",D · agent,"NO. 939, BATU LIMA, JALAN IPOH, 51200 KUALA LUMPUR.",True,,1825,0.003596
lo0019,single,lookup,date,When was the BENS INDEPENDENT GROCER SDN. BHD receipt for 133.70 issued?,09/03/2018,D · agent,NOT_FOUND,False,,1135,0.003372
lo0020,single,lookup,total,How much was the receipt from KEDA PAPAN YEW CHJAN on 08 March 2018?,312.70,D · agent,NOT_FOUND,False,,1182,0.00334
lo0021,single,lookup,total,How much was the receipt from MR. D.I.Y. (KUCHAI) SDN BHD on 11 January 2016?,7.00,D · agent,7.00,True,,1343,0.003756
lo0022,single,lookup,date,When was the DREAM ARTS receipt for 15.00 issued?,29/03/2018,D · agent,2018-03-29,True,,1034,0.003372
lo0023,single,lookup,date,When was the SWC ENTERPRISE SDN BHD receipt for 4.00 issued?,06/03/2018,D · agent,2018-03-06,True,,1125,0.003468
lo0024,single,lookup,date,When was the SUPER TERMINAL SDN BHD receipt for 132.50 issued?,20/01/2018,D · agent,2018-01-20,True,,1543,0.003452
lo0025,single,lookup,date,When was the SYARIKAT PERNIAGAAN GIN KEE receipt for 11.13 issued?,15/01/2018,D · agent,2018-01-15,True,,1284,0.003476
lo0026,single,lookup,address,What is the address on the GARDENIA BAKERIES (KL) SDN BHD receipt from 16 October 2017?,"LOT 3, JALAN PELABUR 23/1, 40300 SHAH ALAM, SELANGOR.",D · agent,"LOT 3, JALAN PELABUR 23/1, 40300 SHAH ALAM, SELANGOR.",True,,1845,0.003684
lo0027,single,lookup,total,How much was the receipt from SYARIKAT PERNIAGAAN GIN KEE on 30 December 2017?,89.04,D · agent,89.04,True,,1264,0.003504
lo0028,single,lookup,address,What is the address on the BHPETROL PERMAS JAYA 2 receipt from 08 May 2018?,"LOT PTD 101051 JALAN PERMAS 10/10 81750 MASAI, JOHOR",D · agent,"LOT PTD 101051 Jalan Permas 10/10 81750 Masai, Johor",True,,1752,0.003616
lo0029,single,lookup,total,How much was the receipt from B & BEST RESTAURANT on 19 April 2017?,14.85,D · agent,14.85,True,,1133,0.00344
lo0030,single,lookup,date,When was the UNIHAKKA INTERNATIONAL SDN BHD receipt for 8.90 issued?,14/04/2018,D · agent,2018-04-14,True,,1177,0.003512
lo0031,single,lookup,total,How much was the receipt from KEDAI BUKU NEW ACHEIVERS on 15 September 2017?,48.00,D · agent,48.00,True,,1241,0.003532
lo0032,single,lookup,total,How much was the receipt from HENG KEE DELIGHTS BAK KUT TEH. on 04 January 2018?,42.00,D · agent,42.00,True,,1378,0.003532
lo0033,single,lookup,address,What is the address on the 99 SPEED MART S/B receipt from 26 March 2018?,"LOT P.T. 2811, JALAN ANGSA, TAMAN BERKELEY 41150 KLANG, SELANGOR 1330 JLN KENANGA",D · agent,"LOT P.T. 2811, JALAN ANESA, TAMAN BERKELEY 41150 KLANG, SELANGOR 1330 JLN KENANGA",False,,2066,0.0037
lo0034,single,lookup,total,How much was the receipt from UNIHAKKA INTERNATIONAL SDN BHD on 06 April 2018?,7.60,D · agent,7.60,True,,1237,0.00354
lo0035,single,lookup,date,When was the GERBANG ALAF RESTAURANTS SDN BHD receipt for 19.00 issued?,30/05/2018,D · agent,2018-05-30,True,,1336,0.00354
lo0036,single,lookup,total,How much was the receipt from AEON CO. (M) BHD on 21 March 2018?,65.10,D · agent,65.10,True,,1185,0.003456
lo0037,single,lookup,date,When was the PERNIAGAAN ZHENG HUI receipt for 436.20 issued?,09/02/2018,D · agent,2018-02-09,True,,1290,0.003448
lo0038,single,lookup,address,What is the address on the FIVE STAR CASH & CARRY receipt from 05 January 2017?,"G.23 & G.22, PLAZA SERI SETIA, NO.1 JALAN SS 9/1, 47300 PJ, SELANGOR.",D · agent,"G.23 & G.22, Plaza Seri Setia, No.1 Jalan SS 9/1, 47300 PJ, Selangor.",True,,2045,0.003692
lo0039,single,lookup,address,What is the address on the GARDENIA BAKERIES (KL) SDN BHD receipt from 26 September 2017?,"LOT 3, JALAN PELABUR 23/1, 40300 SHAH ALAM, SELANGOR.",D · agent,"Lot 3, Jalan Pelabur 23/1, 40300 Shah Alam, Selangor.",True,,1855,0.003688
lo0040,single,lookup,total,How much was the receipt from BOOK TALK (MUTIARA RINI) SDN BHD on 21 June 2018?,9.30,D · agent,9.30,True,,1356,0.00354
lo0041,single,lookup,total,How much was the receipt from UNIHAKKA INTERNATIONAL SDN BHD on 05 April 2018?,6.90,D · agent,6.90,True,,1217,0.00354
lo0042,single,lookup,address,What is the address on the ANEKA INTERTRADE MARKETING SDN BHD receipt from 19 June 2017?,"150B, JALAN TUDM,KG BARU SUBANG 40150 SHAH ALAM, SELANGOR DARUL EHSAN, MALAYSIA.",D · agent,"150B, Jalan TUDM,Kg Baru Subang 40150 Shah Alam, Selangor Darul Ehsan, Malaysia",True,,2004,0.003812
lo0043,single,lookup,total,How much was the receipt from KEDAI UBAT & RUNCIT HONG NING SDN. BHD. on 21 December 2016?,8.00,D · agent,8.00,True,,1436,0.003588
lo0044,single,lookup,address,What is the address on the 99 SPEED MART S/B receipt from 19 October 2016?,"LOT P.T. 33198, BATU 4 JALAN KAPAR, MUKIM KAPAR 42100 KLANG, SELANGOR 1558-TMN PUSAT KEPONG",D · agent,"LOT P.T. 33198, BATU 4 JALAN KAPAR, MUKIM KAPAR 42100 KLANG, SELANGOR 1558-TMN PUSAT KEPONG",True,,2234,0.003752
lo0045,single,lookup,total,How much was the receipt from SANYU STATIONERY SHOP on 24 September 2017?,8.70,D · agent,8.70,True,,1183,0.003472
lo0046,single,lookup,total,How much was the receipt from VIVOPAC MARKETING SDN BHD on 13 September 2017?,52.45,D · agent,52.45,True,,1253,0.003484
lo0047,single,lookup,total,How much was the receipt from RESTORAN WAN SHENG on 21 March 2018?,4.80,D · agent,4.80,True,,1148,0.003468
lo0048,single,lookup,address,What is the address on the UNIHAKKA INTERNATIONAL SDN BHD receipt from 13 June 2018?,"12, JALAN TAMPOI 7/4,KAWASAN PERINDUSTRIAN TAMPOI,81200 JOHOR BAHRU, JOHOR",D · agent,"12, Jalan Tampoi 7/4,Kawasan Perindustrian Tampoi,81200 Johor Bahru,Johor",True,,1992,0.003756
lo0049,single,lookup,address,What is the address on the SEN LEE HEONG RESTAURANT receipt from 12 January 2018?,"G-0-1 ,M.AVENUE NO.1 ,JLN 1/38A, SEGAMBUT BAHAGIA,51200, K.LUMPUL",D · agent,"G-0-1,M.AVENUE NO.1,JLN 1/38A, SEGAMBUT BAHAGIA,51200,K.LUMPUL",True,,1973,0.00368
lo0050,single,lookup,total,How much was the receipt from 99 SPEED MART S/B on 31 March 2018?,4.00,D · agent,4.00,True,,1124,0.003468
lo0051,single,lookup,address,What is the address on the THE TOAST F&B SDN BHD receipt from 19 May 2018?,"LOT 2110&2111 JALAN PERMAS UTARA BANDAR BARU PERMAS 81750,JOHOR BAHRU JOHOR",D · agent,"LOT 2110&2111 JALAN PERMAS UTARA BANDAR BARU PERMAS 81750,JOHOR BAHRU JOHOR",True,,1950,0.003708
lo0052,single,lookup,address,What is the address on the 118 MJ MOOKATA HOUSE receipt from 11 June 2018?,"NO.7G,JALAN PERMAS 11, BANDAR BARU PERMAS JAYA, 81750 MASAI, JOHOR.",D · agent,"NO.7G, Jalan Permas 11, Bandar Baru Permas Jaya, 81750 Masai, Johor.",True,,1706,0.003676
lo0053,single,lookup,total,How much was the receipt from PETRON BKT LANJAN SB on 01 February 2018?,4.90,D · agent,4.90,True,,1174,0.0035
lo0054,single,lookup,date,When was the UNIPHARM PHARMACY receipt for 24.90 issued?,05/04/2018,D · agent,05/04/2018,True,,1093,0.003392
lo0055,single,lookup,total,How much was the receipt from KEDAI PAPAN YEW CHUAN on 12 March 2018?,283.55,D · agent,283.55,True,,1269,0.003468
lo0056,single,lookup,address,What is the address on the AEON CO. (M) BHD receipt from 12 April 2018?,"3RD FLR, AEON TAMAN MALURI SC JLN JEJAKA, TAMAN MALURI CHERAS, 55100 KUALA LUMPUR",D · agent,"3RD FLR, AEON TAMAN MALURI SC JLN JEJAKA, TAMAN MALURI CHERAS, 55100 KUALA LUMPUR",True,,1974,0.0037
lo0057,single,lookup,total,How much was the receipt from BEMED (SP) SDN. BHD. on 01 April 2017?,165.00,D · agent,165.00,True,,1229,0.003488
lo0058,single,lookup,address,What is the address on the GERBANG ALAF RESTAURANTS SDN BHD receipt from 26 May 2018?,"LEVEL 6, BANGUNAN TH, DAMANSARA UPTOWN3 NO.3, JALAN SS21/39,47400 PETALING JAYA SELANGOR",D · agent,"Level 6, Bangunan TH, Damansara Uptown3 No.3, Jalan SS21/39, 47400 Petaling Jaya Selangor",True,,2070,0.00384
lo0059,single,lookup,date,When was the OLIVE9 PHARMACY SDN BHD receipt for 12.15 issued?,31/03/2017,D · agent,2017-03-31,True,,1226,0.003436
lo0060,single,lookup,address,What is the address on the CPI ROCKU SDN. BHD. receipt from 19 February 2018?,"LOT F355/356/357, FIRST FLOOR, RAINFOREST, 1 UTAMA SHOPPING CENTRE, LEBUH BANDAR UTAMA, 47800 PETALING JAYA",D · agent,"LOT F355/356/357,FIRST FLOOR, RAINFOREST,1 UTAMA SHOPPING CENTRE, LEBUH BANDAR UTAMA, 47800 PETALING JAYA",True,,2247,0.003816
lo0061,single,lookup,total,How much was the receipt from TRIPLE SIX POINT ENTERPRISE 666 on 22 March 2018?,22.60,D · agent,22.60,True,,1307,0.00352
lo0062,single,lookup,address,What is the address on the RESTAURANT JIAWEI JIAWEI HOUSE receipt from 23 February 2018?,"13, JLN TASIK UTAMA 8 MEDAN NIAGA DAMAI SG BESI",D · agent,"13, JLN TASIK UTAMA 8 MEDAN NIAGA DAMAI SG BESI 57000 KL",True,,1916,0.0037
lo0063,single,lookup,date,When was the MR. D.I.Y. (M) SDN BHD receipt for 59.20 issued?,10/01/2016,D · agent,2016-01-10,True,,1327,0.003484
lo0064,single,lookup,total,How much was the receipt from PAPPARICH BMC on 29 June 2018?,46.90,D · agent,46.89,True,,1101,0.00344
lo0065,single,lookup,total,How much was the receipt from SUPER SEVEN CASH & CARRY SDN BHD on 01 February 2018?,42.10,D · agent,42.10,True,,1283,0.003572
lo0066,single,lookup,total,How much was the receipt from GARDENIA BAKERIES (KL) SDN BHD on 23 July 2017?,26.58,D · agent,26.58,True,,1304,0.00352
lo0067,single,lookup,total,How much was the receipt from 99 SPEED MART S/B on 07 February 2017?,37.45,D · agent,37.45,True,,1165,0.003468
lo0068,single,lookup,address,What is the address on the ECONSAVE CASH & CARRY (FC) S/B receipt from 22 March 2018?,"LOT GO1, KL FESTIVAL CITY, NO. 67 JIN IBU KOTA TMN DANAU KOTA, KL",D · agent,NOT_FOUND,False,,1276,0.00342
lo0069,single,lookup,total,How much was the receipt from YONG TAT HARDWARE TRADING on 13 March 2018?,72.00,D · agent,72.00,True,,1253,0.003504
lo0070,single,lookup,total,How much was the receipt from MUN HENG ELECTRICAL & HARDWARE SUPPLY on 01 February 2018?,7.00,D · agent,7.00,True,,1261,0.003608
lo0071,single,lookup,date,When was the MR. D.I.Y. (KUCHAI) SDN BHD receipt for 26.40 issued?,01/02/2016,D · agent,2016-02-01,True,,1340,0.003516
lo0072,single,lookup,total,How much was the receipt from BECON ENTERPRISE SDN BHD on 13 November 2017?,270.10,D · agent,NOT_FOUND,False,,1145,0.003376
lo0073,single,lookup,date,When was the BENS INDEPENDENT GROCER SDN. BHD receipt for 81.00 issued?,08/03/2018,D · agent,2018-03-08,True,,1273,0.00352
lo0074,single,lookup,total,How much was the receipt from SEGI CASH & CARRY SDN.BHD on 06 February 2017?,27.00,D · agent,27.00,True,,1270,0.0035
lo0075,single,lookup,date,When was the 99 SPEED MART S/B receipt for 98.90 issued?,28/01/2018,D · agent,2018-01-28,True,,1162,0.003452
lo0076,single,lookup,total,How much was the receipt from PASARAYA BORONG PINTAR SDN BHD on 09 March 2018?,10.40,D · agent,10.40,True,,1361,0.003532
lo0077,single,lookup,address,What is the address on the GERBANG ALAF RESTAURANTS SDN BHD receipt from 27 April 2018?,"LEVEL 6, BANGUNAN TH, DAMANSARA UPTOWN3 NO.3, JALAN SS21/39, 47400 PETALING JAYA SELANGOR",D · agent,"Level 6, Bangunan TH, Damansara Uptown3 No.3, Jalan SS21/39, 47400 Petaling Jaya Selangor",True,,2091,0.003844
lo0078,single,lookup,total,How much was the receipt from BEMED (SP) SDN. BHD. on 20 January 2017?,203.00,D · agent,203.00,True,,1277,0.003496
lo0079,single,lookup,total,How much was the receipt from ROYALTEA on 09 May 2018?,10.90,D · agent,10.90,True,,1130,0.0034
lo0080,single,lookup,date,When was the SYARIKAT PERNIAGAAN GIN KEE receipt for 190.80 issued?,25/01/2018,D · agent,2018-01-25,True,,1306,0.003476
lo0081,single,lookup,total,How much was the receipt from PELITA SAMUDRA PERTAMA (M) SDN BHD. on 03 June 2018?,61.70,D · agent,61.70,True,,1418,0.003556
lo0082,single,lookup,total,How much was the receipt from GARDENIA BAKERIES (KL) SDN BHD on 31 August 2017?,1.52,D · agent,1.52,True,,1261,0.003524
lo0083,single,lookup,date,When was the KEDAI UBAT & RUNCIT HONG NING SDN. BHD. receipt for 676.00 issued?,02/02/2016,D · agent,2016-02-02,True,,1406,0.003564
lo0084,single,lookup,total,How much was the receipt from SANYU STATIONERY SHOP on 16 December 2017?,8.70,D · agent,8.70,True,,1118,0.003468
lo0085,single,lookup,address,What is the address on the SUPER NINETY NINE SDN.BHD. receipt from 31 May 2018?,"NO.3343, GROUND FLOOR, JALAN 18/32, TAMAN SRI SERDANG, 43300 SERI KEMBANGAN,",D · agent,"No.3343, Ground Floor, Jalan 18/32, Taman Sri Serdang, 43300 Seri Kembangan,",True,,1895,0.00374
lo0086,single,lookup,total,How much was the receipt from THONG RECIPE on 27 June 2018?,58.70,D · agent,58.70,True,,1059,0.003424
lo0087,single,lookup,total,How much was the receipt from YHM AEON TEBRAU CITY on 11 March 2018?,49.70,D · agent,49.70,True,,1217,0.003508
lo0088,single,lookup,address,What is the address on the HON HWA HARDWARE TRADING receipt from 11 February 2017?,"NO 37, JALAN MANIS 7, TAMAN SEGAR, 56100 CHERAS, KUALA LUMPUR.",D · agent,"NO 37, JALAN MANIS 7, TAMAN SEGAR, 56100 CHERAS, KUALA LUMPUR.",True,,1833,0.003696
lo0089,single,lookup,date,When was the UNIHAKKA INTERNATIONAL SDN BHD receipt for 7.80 issued?,11/05/2018,D · agent,2018-05-11,True,,1236,0.003512
lo0090,single,lookup,total,How much was the receipt from BEMED (SP) SDN BHD. on 27 March 2018?,308.70,D · agent,308.70,True,,1392,0.003472
lo0091,single,lookup,address,What is the address on the SKL DAMANSARA ENTERPRISE receipt from 28 July 2017?,"69G, JALAN SS21/60, DAMANSARA UTAMA, 47400 PETALING JAYA, SELANGOR.",D · agent,"69G, JALAN SS21/60, DAMANSARA UTAMA, 47400 PETALING JAYA, SELANGOR.",True,,1987,0.003704
lo0092,single,lookup,date,When was the GARDENIA BAKERIES (KL) SDN BHD receipt for 55.14 issued?,20/08/2017,D · agent,2017-08-20,True,,1321,0.0035
lo0093,single,lookup,address,What is the address on the SANYU STATIONERY SHOP receipt from 23 November 2017?,"NO. 31G&33G, JALAN SETIA INDAH X ,U13/X 40170 SETIA ALAM",D · agent,"NO. 31G&33G, JALAN SETIA INDAH X ,U13/X 40170 SETIA ALAM",True,,1793,0.00364
lo0094,single,lookup,total,How much was the receipt from SIN LIANHAP SDN BHD on 05 February 2018?,7.30,D · agent,7.30,True,,1201,0.003464
lo0095,single,lookup,address,What is the address on the EXQUISITE GARDEN SDN BHD receipt from 03 June 2018?,"LOT NO R134,GIANT HYPERMARKET PLENTONG NO3, JALAN MASAI LAMA 81750 MASAI. JAHOR BAHRU",D · agent,"LOT NO R134,Giant Hypermarket Plentong No3, Jalan Masai Lama 81750 Masai. Johor Bahru",False,,2205,0.003768
lo0096,single,lookup,total,How much was the receipt from MY MYDIN SDN BHD on 15 January 2018?,5.50,D · agent,NOT_FOUND,False,,1104,0.00332
lo0097,single,lookup,address,What is the address on the RESTORAN WAN SHENG receipt from 17 March 2018?,"NO.2, JALAN TEMENGGUNG 19/9, SEKSYEN 9, BANDAR MAHKOTA CHERAS, 43200 CHERAS, SELANGOR",D · agent,"NO.2, JALAN TEMENGGUNG 19/9, SEKSYEN 9, BANDAR MAHKOTA CHERAS, 43200 CHERAS, SELANGOR",True,,2059,0.003724
lo0098,single,lookup,address,What is the address on the KOH SENG HARDWARE receipt from 01 February 2018?,"NO. 939, BATU LIMA, JALAN IPOH, 51200 KUALA LUMPUR.",D · agent,"NO. 939, BATU LIMA, JALAN IPOH, 51200 KUALA LUMPUR.",True,,1781,0.003592
lo0099,single,lookup,address,What is the address on the GARDENIA BAKERIES (KL) SDN BHD receipt from 11 October 2017?,"LOT 3, JALAN PELABUR 23/1, 40300 SHAH ALAM, SELANGOR.",D · agent,"Lot 3, Jalan Pelabur 23/1, 40300 Shah Alam, Selangor.",True,,1825,0.003684
lo0100,single,lookup,address,What is the address on the YIN MA (M) SDN.BHD. receipt from 31 January 2016?,"NO.2, JALAN UDANG SIAR 2, TAMAN SRI SEGAMBUT, 52000 KUALA LUMPUR.",D · agent,"NO.2, JALAN UDANG SIAR 2, TAMAN SRI SEGAMBUT, 52000 KUALA LUMPUR.",True,,1878,0.003648
lo0101,single,lookup,address,What is the address on the UROKO JAPANESE CUISINE SDN BHD receipt from 20 March 2018?,"22A-1, JALAN 17/54, SECTION 17, 46400 PETALING JAYA, SELANGOR.",D · agent,"22A-1, JALAN 17/54, SECTION 17, 46400 PETALING JAYA, SELANGOR.",True,,1980,0.003724
lo0102,single,lookup,address,What is the address on the SWC ENTERPRISE SDN BHD receipt from 02 January 2018?,"8 & 10, JALAN IJOK PERMAI 1, PUSAT NIAGA IJOK PERMAI, 48000 IJOK, SELANGOR.",D · agent,"8 & 10, Jalan Ijok Permai 1, Pusat Niaga Ijok Permai, 48000 Ijok, Selangor.",True,,1962,0.00372
lo0103,single,lookup,address,What is the address on the VIVOPAC MARKETING SDN BHD receipt from 17 January 2017?,14 JALAN MANIS 4 TAMAN SEGAR 56100 KL,D · agent,14 JALAN MANIS 4 TAMAN SEGAR 56100 KL,True,,1579,0.003588
lo0104,single,lookup,total,How much was the receipt from GERBANG ALAF RESTAURANTS SDN BHD on 18 January 2018?,38.90,D · agent,38.90,True,,1275,0.00358
lo0105,single,lookup,address,What is the address on the MOONLIGHT CAKE HOUSE SDN BHD receipt from 07 June 2018?,"NO.1, JALAN PERMAS 10/5, BANDAR BARU PERMAS JAYA 81750 JOHOR BAHRU, JOHOR.",D · agent,"NO.1, JALAN PERMAS 10/5, BANDAR BARU PERMAS JAYA 81750 JOHOR BAHRU, JOHOR.",True,,2530,0.003764
lo0106,single,lookup,address,What is the address on the DEWINA HOST SDN BHD receipt from 27 March 2018?,"LOT SATMZ 23, MEZZANINE LEVEL SATELLITE BUILDING KUALA LUMPUR INTERNATIONAL AIRPORT",D · agent,NOT_FOUND,False,,1167,0.00334
lo0107,single,lookup,total,How much was the receipt from GARDENIA BAKERIES (KL) SDN BHD on 02 September 2017?,48.57,D · agent,48.57,True,,1312,0.003532
lo0108,single,lookup,total,How much was the receipt from POPULAR BOOK CO. (M) SDN BHD on 20 August 2017?,5.05,D · agent,5.05,True,,1250,0.003528
lo0109,single,lookup,address,What is the address on the MR. D.I.Y. (M) SDN BHD receipt from 06 May 2016?,"LOT 1851-A & 1851-B, JALAN KPB 6, KAWASAN PERINDUSTRIAN BALAKONG, 43300 SERI KEMBANGAN, SELANGOR",D · agent,"LOT 1851-A & 1851-B, JALAN KPB 6, KAWASAN PERINDUSTRIAN BALAKONG, 43300 SERI KEMBANGAN, SELANGOR",True,,2338,0.003792
lo0110,single,lookup,date,When was the UNIHAKKA INTERNATIONAL SDN BHD receipt for 6.60 issued?,20/03/2018,D · agent,20/03/2018,True,,1196,0.003892
lo0111,single,lookup,total,How much was the receipt from PASAR MINI JIN SENG on 03 March 2018?,33.80,D · agent,33.80,True,,1182,0.003456
lo0112,single,lookup,total,How much was the receipt from MR. D.I.Y. (M) SDN BHD on 22 April 2018?,27.20,D · agent,27.20,True,,2234,0.003508
lo0113,single,lookup,date,When was the MODERN DEPOT SDN BHD receipt for 150.00 issued?,04/12/2016,D · agent,2016-12-04,True,,1187,0.003444
lo0114,single,lookup,total,How much was the receipt from TEO HENG STATIONERY & BOOKS on 15 March 2018?,127.20,D · agent,127.20,True,,1264,0.00352
lo0115,single,lookup,address,What is the address on the CROSS CHANNEL NETWORK SDN. BHD. receipt from 29 January 2018?,"47, JALAN MERANTI 1, SEK. 3, BANDAR UTAMA BATANG KALI, 44300 BATANG KALI, SELANGOR.",D · agent,"47, JALAN MERANTI 1, SEK. 3, BANDAR UTAMA BATANG KALI, 44300 BATANG KALI, SELANGOR.",True,,2109,0.003812
lo0116,single,lookup,address,What is the address on the MR. D.I.Y. (M) SDN BHD receipt from 21 March 2018?,"LOT 1851-A & 1851-B, JALAN KPB 6, KAWASAN PERINDUSTRIAN BALAKONG, 43300 SERI KEMBANGAN, SELANGOR",D · agent,"LOT 1851-A & 1851-B, JALAN KPB 6, KAWASAN PERINDUSTRIAN BALAKONG, 43300 SERI KEMBANGAN, SELANGOR",True,,2339,0.0038
lo0117,single,lookup,total,How much was the receipt from UNIHAKKA INTERNATIONAL SDN BHD on 07 March 2018?,8.20,D · agent,8.20,True,,1217,0.00354
lo0118,single,lookup,address,What is the address on the NSK TRADE CITY-SELAYANG receipt from 27 October 2017?,LOT 4674 & 4675 SELAYANG BATU 8 JALAN IPOH 68100 BATU CAVES,D · agent,LOT 4674 & 4675 SELAYANG BATU 8 JALAN IPOH 68100 BATU CAVES,True,,1881,0.00366
lo0119,single,lookup,address,What is the address on the KEDAI UBAT & RUNCIT HONG NING SDN. BHD. receipt from 24 December 2016?,"NO.8,JALAN LANG KUNING, KEPONG BARU, 52100 KUALA LUMPUR",D · agent,"NO.8,JALAN LANG KUNING, KEPONG BARU, 52100 KUALA LUMPUR",True,,1962,0.00376
lo0120,single,lookup,total,How much was the receipt from UNIHAKKA INTERNATIONAL SDN BHD on 04 May 2018?,6.60,D · agent,6.60,True,,1254,0.003536
lo0121,single,lookup,total,How much was the receipt from GARDENIA BAKERIES (KL) SDN BHD on 29 August 2017?,37.90,D · agent,37.90,True,,1282,0.003524
lo0122,single,lookup,date,When was the ROYALTEA receipt for 13.10 issued?,02/06/2018,D · agent,2018-06-02,True,,1074,0.003372
lo0123,single,lookup,address,What is the address on the GARDENIA BAKERIES (KL) SDN BHD receipt from 01 September 2017?,"LOT 3, JALAN PELABUR 23/1, 40300 SHAH ALAM, SELANGOR.",D · agent,"LOT 3, JALAN PELABUR 23/1, 40300 SHAH ALAM, SELANGOR.",True,,1815,0.003688
lo0124,single,lookup,address,What is the address on the SYARIKAT KAM LAI SEONG SDN BHD receipt from 08 March 2018?,"NO. 1442, JALAN SK 11/5, SERI KEMBANGAN 43300 SELANGOR",D · agent,"NO. 1442, JALAN SK 11/5, SERI KEMBANGAN 43300 SELANGOR",True,,1852,0.003684
lo0125,single,lookup,address,What is the address on the KEDAI BUKU NEW ACHEIVERS receipt from 28 December 2017?,"NO. 12 & 14, JALAN JINJANG 27/54 TAMAN ALAM MEGAH, SEKSYEN 27 40400 SHAH ALAM, SELANGOR D. E.",D · agent,"NO. 12 & 14, JALAN JINJANG 27/54 TAMAN ALAM MEGAH, SEKSYEN 27 40400 SHAH ALAM, SELANGOR D.E.",True,,2254,0.003808
lo0126,single,lookup,address,What is the address on the GUARDIAN HEALTH AND BEAUTY SDN BHD receipt from 01 January 2018?,"SOLARIS MOUNT KIARA NO.8 & 10, GF SOLARIS MOUNT KUARA JLN SOLARIS 5",D · agent,"NO.8 & 10, GF SOLARIS MOUNT KUARA JLN SOLARIS 5",True,,1787,0.003692
lo0127,single,lookup,address,What is the address on the FLORISM DE ART receipt from 14 January 2018?,"LOT 2.70.00,LEVEL 2, PAVILION KUALA LUMPUR, 168, JALAN BUKIT BINTANG, 55100 KUALA LUMPUR, MALAYSIA.",D · agent,"LOT 2.70.00, LEVEL 2, PAVILION KUALA LUMPUR, 168, JALAN BUKIT BINTANG, 55100 KUALA LUMPUR, MALAYSIA.",True,,2238,0.003764
lo0128,single,lookup,date,When was the RESTORAN WAN SHENG receipt for 2.30 issued?,27/06/2018,D · agent,2018-06-27,True,,1142,0.00344
lo0129,single,lookup,total,How much was the receipt from CHOP YEW LIAN on 23 March 2017?,30.00,D · agent,30.00,True,,1239,0.003412
lo0130,single,lookup,total,How much was the receipt from RESTORAN WAN SHENG on 07 March 2018?,4.80,D · agent,4.80,True,,1150,0.003468
lo0131,single,lookup,total,How much was the receipt from UNIHAKKA INTERNATIONAL SDN BHD on 14 June 2018?,10.15,D · agent,10.15,True,,1248,0.00354
lo0132,single,lookup,total,How much was the receipt from MR. D.I.Y. (M) SDN BHD on 14 April 2018?,5.00,D · agent,5.00,True,,1277,0.003508
lo0133,single,lookup,total,How much was the receipt from GARDENIA BAKERIES (KL) SDN BHD on 02 October 2017?,35.58,D · agent,35.58,True,,1293,0.003524
lo0134,single,lookup,total,How much was the receipt from GRAND COMPANIONS SDN BHD on 03 March 2019?,269.40,D · agent,NOT_FOUND,False,,1178,0.003368
lo0135,single,lookup,address,What is the address on the GREAT ZONE HOUSEHOLD CENTRE SDN BHD receipt from 18 February 2018?,"60 & 62. JALAN CIKU, 86000,KLUANG",D · agent,NOT_FOUND,False,,1252,0.00346
lo0136,single,lookup,total,How much was the receipt from SUPER SEVEN CASH & CARRY SDN BHD on 01 March 2018?,408.45,D · agent,NOT_FOUND,False,,1245,0.003408
lo0137,single,lookup,total,How much was the receipt from HIGH FIVE ENTERPRISE on 05 April 2018?,95.48,D · agent,95.48,True,,1120,0.003468
lo0138,single,lookup,address,What is the address on the MAXINCOME RESOURCES SDN BHD receipt from 10 April 2018?,"NO 16A, JALAN ASTAKA U8/83, BUKIT JELUTONG, 40150 SHAH ALAM, SELANGOR, D.E.",D · agent,NOT_FOUND,False,,1188,0.003396
lo0139,single,lookup,total,How much was the receipt from GERBANG ALAF RESTAURANTS SDN BHD on 30 April 2017?,47.15,D · agent,47.15,True,,1250,0.003576
lo0140,single,lookup,address,What is the address on the 99 SPEED MART S/B receipt from 20 September 2016?,"LOT P.T. 33198, BATU 4 JALAN KAPAR, MUKIM KAPAR 42100 KLANG, SELANGOR 1558-TMN PUSAT KEPONG",D · agent,"LOT P.T. 33198, BATU 4 JALAN KAPAR, MUKIM KAPAR 42100 KLANG, SELANGOR 1558-TKN PUSAT KEPONG",False,,2191,0.003756
lo0141,single,lookup,address,What is the address on the PREMIO STATIONERY SDN BHD receipt from 20 March 2018?,"NO 57, JALAN SS 3/29, 47300 PETALING JAYA, SELANGOR",D · agent,"No 57, Jalan SS 3/29, 47300 Petaling Jaya, Selangor",True,,1630,0.003644
lo0142,single,lookup,total,How much was the receipt from KECHARA VEGETARIAN RESTAURANT S/B on 15 May 2018?,64.50,D · agent,64.50,True,,1313,0.003584
lo0143,single,lookup,total,How much was the receipt from TS TOOLS HARDWARE & MACHINERY SDN BHD on 21 March 2018?,7.40,D · agent,7.40,True,,1266,0.003588
lo0144,single,lookup,total,How much was the receipt from BEYOND BROTHERS HARDWARE on 10 November 2017?,67.85,D · agent,NOT_FOUND,False,,1182,0.003364
lo0145,single,lookup,date,When was the GOLDEN ARCHES RESTAURANTS SDN BHD receipt for 14.70 issued?,03/12/2016,D · agent,2016-12-03,True,,1300,0.003556
lo0146,single,lookup,total,How much was the receipt from UNIHAKKA INTERNATIONAL SDN BHD on 05 June 2018?,7.50,D · agent,7.50,True,,1230,0.00354
lo0147,single,lookup,date,When was the AIK HUAT HARDWARE ENTERPRISE (SETIA ALAM) SDN BHD receipt for 28.00 issued?,22/09/2017,D · agent,2017-09-22,True,,1408,0.00366
lo0148,single,lookup,total,How much was the receipt from 99 SPEED MART S/B on 06 December 2016?,85.45,D · agent,85.45,True,,1140,0.003472
lo0149,single,lookup,date,When was the LA STATIONERY SDN BHD receipt for 56.80 issued?,09/02/2018,D · agent,2018-02-09,True,,1119,0.00344
lo0150,single,lookup,total,How much was the receipt from MR. D.I.Y. (M) SDN BHD on 27 April 2018?,1.90,D · agent,1.90,True,,1250,0.003508
lo0151,single,lookup,total,How much was the receipt from SANYU STATIONERY SHOP on 28 October 2017?,21.90,D · agent,21.90,True,,1138,0.003468
lo0152,single,lookup,address,What is the address on the UNIHAKKA INTERNATIONAL SDN BHD receipt from 03 May 2018?,"12, JALAN TAMPOI 7/4,KAWASAN PERINDUSTRIAN TAMPOI,81200 JOHOR BAHRU,JOHOR",D · agent,"12, Jalan Tampoi 7/4,Kawasan Perindustrian Tampoi,81200 Johor Bahru,Johor",True,,1859,0.003752
lo0153,single,lookup,address,What is the address on the AEON CO. (M) BHD receipt from 09 July 2017?,"3RD FLR, AEON TAMAN MALURI SC JLN JEJAKA, TAMAN MALURI CHERAS, 55100 KUALA LUMPUR",D · agent,"3RD FLR, AEON TAMAN MALURI SC JLN JEJAKA, TAMAN MALURI CHERAS, 55100 KUALA LUMPUR",True,,1970,0.003696
lo0154,single,lookup,date,When was the KING'S CONFECTIONERY S/B receipt for 9.90 issued?,07/02/2017,D · agent,2017-02-07,True,,1200,0.003504
lo0155,single,lookup,total,How much was the receipt from KEDAI PAPAN YEW CHUAN on 10 March 2018?,84.80,D · agent,84.80,True,,1218,0.003456
lo0156,single,lookup,total,How much was the receipt from SWC ENTERPRISE SDN BHD on 08 January 2018?,8.00,D · agent,8.00,True,,1185,0.003496
lo0157,single,lookup,total,How much was the receipt from GARDENIA BAKERIES (KL) SDN BHD on 27 October 2017?,35.88,D · agent,35.88,True,,1284,0.003524
lo0158,single,lookup,total,How much was the receipt from LIM SENG THO HARDWARE TRADING on 08 February 2018?,10.50,D · agent,10.50,True,,1290,0.003548
lo0159,single,lookup,total,How much was the receipt from GARDENIA BAKERIES (KL) SDN BHD on 28 October 2017?,32.26,D · agent,32.26,True,,1320,0.003524
lo0160,single,lookup,date,When was the POPULAR BOOK CO. (M) SDN BHD receipt for 30.50 issued?,05/03/2018,D · agent,2018-03-05,True,,1249,0.0035
lo0161,single,lookup,total,How much was the receipt from HON HWA HARDWARE TRADING on 21 September 2017?,10.40,D · agent,10.40,True,,1155,0.0035
lo0162,single,lookup,total,How much was the receipt from THE CUT STEAKHOUSE &BURGERS on 01 January 2017?,167.55,D · agent,167.55,True,,1215,0.003576
lo0163,single,lookup,total,How much was the receipt from SANYU STATIONERY SHOP on 12 September 2017?,8.70,D · agent,8.70,True,,1098,0.003472
lo0164,single,lookup,total,How much was the receipt from MR. D.I.Y. (M) SDN BHD on 11 January 2016?,32.80,D · agent,32.80,True,,1283,0.003728
lo0165,single,lookup,address,What is the address on the EVERGREEN LIGHT SDN BHD receipt from 10 July 2017?,"NO.7-1, JALAN PUTERI 7/11, BANDAR PUTERI, 47100 PUCHONG, BELANGOR",D · agent,"No.7-1, Jalan Puteri 7/11, Bandar Puteri, 47100 Puchong, Selangor",False,,1766,0.003676
lo0166,single,lookup,address,What is the address on the POTTERS GARDEN SDN BHD receipt from 04 January 2018?,"BATU 11 . SG BULOH , 47000 SELANGOR .",D · agent,"Batu 11. Sg Buloh, 47000 Selangor.",True,,1491,0.00356
lo0167,single,lookup,total,How much was the receipt from AA PHARMACY on 29 January 2018?,46.20,D · agent,46.20,True,,1088,0.0034
lo0168,single,lookup,date,When was the UNIHAKKA INTERNATIONAL SDN BHD receipt for 7.30 issued?,06/05/2018,D · agent,2018-05-06,True,,1186,0.003512
lo0169,single,lookup,date,When was the UNIHAKKA INTERNATIONAL SDN BHD receipt for 8.20 issued?,02/05/2018,D · agent,07/03/2018,False,,1216,0.0042
lo0170,single,lookup,address,What is the address on the KEDAI PAPAN YEW CHUAN receipt from 16 March 2018?,"LOT 276 JALAN BANTING 43800 DENGKIL, SELANGOR.",D · agent,"LOT 276 JALAN BANTING 43800 DENGKIL, SELANGOR.",True,,1660,0.0036
lo0171,single,lookup,date,When was the CHEF HENRY RIBS HOUSE receipt for 103.85 issued?,05/06/2018,D · agent,2018-06-05,True,,1233,0.003444
lo0172,single,lookup,total,How much was the receipt from GLOBAL FOOD EMPIRE SDN BHD on 01 May 2018?,38.35,D · agent,38.35,True,,1209,0.003508
lo0173,single,lookup,address,What is the address on the UNIHAKKA INTERNATIONAL SDN BHD receipt from 13 March 2018?,"12, JALAN TAMPOI 7/4,KAWASAN PERINDUSTRIAN TAMPOI,81200 JOHOR BAHRU,JOHOR",D · agent,"12, Jalan Tampoi 7/4,Kawasan Perindustrian Tampoi.81200 Johor Bahru,Johor",True,,1913,0.00376
lo0174,single,lookup,address,What is the address on the GARDENIA BAKERIES (KL) SDN BHD receipt from 24 September 2017?,"LOT 3, JALAN PELABUR 23/1, 40300 SHAH ALAM, SELANGOR.",D · agent,"LOT 3, JALAN PELABUR 23/1, 40300 SHAH ALAM, SELANGOR.",True,,1893,0.003688
lo0175,single,lookup,total,How much was the receipt from C W KHOO HARDWARE SDN BHD on 31 March 2018?,14.65,D · agent,14.65,True,,1191,0.00356
lo0176,single,lookup,total,How much was the receipt from SYARIKAT PERNIAGAAN GIN KEE on 27 January 2018?,22.26,D · agent,22.26,True,,1267,0.003504
lo0177,single,lookup,total,How much was the receipt from RESTORAN WAN SHENG on 10 March 2018?,7.20,D · agent,7.20,True,,1145,0.003468
lo0178,single,lookup,total,How much was the receipt from SUPER SEVEN CASH & CARRY SDN BHD on 21 March 2018?,18.30,D · agent,18.30,True,,1296,0.003592
lo0179,single,lookup,address,What is the address on the 99 SPEED MART S/B receipt from 10 March 2018?,"LOT P.T. 2811, JALAN ANGSA, TAMAN BERKELEY 41150 KLANG, SELANGOR 1572-TMN BKT PANDAN",D · agent,"LOT P.T. 2811, JALAN ANGSA, TAMAN BERKELEY 41150 KLANG, SELANGOR 1572-TMN BKT PANDAN",True,,2094,0.003716
lo0180,single,lookup,total,How much was the receipt from KAISON FURNISHING SDN BHD on 25 March 2018?,18.70,D · agent,18.70,True,,1192,0.00354
lo0181,single,lookup,address,What is the address on the STAR GROCER SDN BHD receipt from 25 March 2018?,"NO 4, DESA PANDAN, OFF KAMPONG PANDAN, 55100 KUALA LUMPUR",D · agent,"No 4, Desa Pandan, Off kampong Pandan, 55100 Kuala Lumpur",True,,1651,0.003616
lo0182,single,lookup,address,What is the address on the OJC MARKETING SDN BHD receipt from 15 January 2019?,"NO 2 & 4, JALAN BAYU 4, BANDAR SERI ALAM, B1750 MASAI, JOHOR",D · agent,"NO 2 & 4, JALAN BAYU 4, BANDAR SERI ALAM, 81750 MASAI, JOHOR",False,,1829,0.003656
lo0183,single,lookup,date,When was the SANYU STATIONERY SHOP receipt for 8.70 issued?,14/10/2017,D · agent,NOT_FOUND,False,,986,0.004104
lo0184,single,lookup,total,How much was the receipt from UNIHAKKA INTERNATIONAL SDN BHD on 26 March 2018?,8.20,D · agent,8.20,True,,1253,0.00354
lo0185,single,lookup,total,How much was the receipt from RESTORAN HWA MUI SUTERA SDN BHD on 29 April 2018?,91.50,D · agent,91.50,True,,1274,0.003536
lo0186,single,lookup,date,When was the RESTORAN HOETIM receipt for 83.00 issued?,28/05/2018,D · agent,2018-05-28,True,,1082,0.003396
lo0187,single,lookup,address,What is the address on the SUPER SEVEN CASH & CARRY SDN BHD receipt from 27 January 2018?,"NO. 1 JALAN EURO 1 OFF JALAN BATU TIGA SUNGAI BULOH SEKSYEN U3 SHAH ALAM, 40150",D · agent,"PASARAYA EORONG SUPER SEVEN NO. 1 Jalan Euro 1 Off Jalan Batu Tiga Sungai Buloh Seksyen U3 Shah Alam, 40150",True,,2225,0.003928
lo0188,single,lookup,total,How much was the receipt from GUDANG HASIL RESTAURANT SDN BHD on 02 December 2016?,15.80,D · agent,15.80,True,,1293,0.003508
lo0189,single,lookup,address,What is the address on the MOONLIGHT CAKE HOUSE SDN BHD receipt from 02 June 2018?,"NO.1, JALAN PERMAS 10/5, BANDAR BARU PERMAS JAYA 81750 JOHOR BAHRU, JOHOR.",D · agent,"NO.1, JALAN PERMAS 10/5, BANDAR BARU PERMAS JAYA 81750 JOHOR BAHRU, JOHOR.",True,,2145,0.003764
lo0190,single,lookup,total,How much was the receipt from BIRU PETROLEUM on 11 November 2016?,6.40,D · agent,NOT_FOUND,False,,1098,0.0033
lo0191,single,lookup,total,How much was the receipt from UNIHAKKA INTERNATIONAL SDN BHD on 12 May 2018?,6.60,D · agent,6.60,True,,1221,0.003536
lo0192,single,lookup,total,How much was the receipt from RESTORAN WAN SHE on 29 September 2017?,164.40,D · agent,NOT_FOUND,False,,1095,0.00332
lo0193,single,lookup,total,How much was the receipt from TRIPLE SIX POINT ENTERPRISE 666 on 23 April 2018?,157.90,D · agent,157.90,True,,1289,0.003532
lo0194,single,lookup,address,What is the address on the RESTORAN WAN SHENG receipt from 11 May 2018?,"NO.2, JALAN TEMENGGUNG 19/9, SEKSYEN 9, BANDAR MAHKOTA CHERAS, 43200 CHERAS, SELANGOR",D · agent,"NO.2, JALAN TEMENGGUNG 19/9, SEKSYEN 9, BANDAR MAHKOTA CHERAS, 43200 CHERAS, SELANGOR",True,,2064,0.003716
lo0195,single,lookup,date,When was the F&P PHARMACY receipt for 31.90 issued?,02/03/2018,D · agent,2018-03-02,True,,1112,0.00342
lo0196,single,lookup,address,What is the address on the GARDENIA BAKERIES (KL) SDN BHD receipt from 07 October 2017?,"LOT 3, JALAN PELABUR 23/1, 40300 SHAH ALAM, SELANGOR.",D · agent,"Lot 3, Jalan Pelabur 23/1, 40300 Shah Alam, Selangor.",True,,1816,0.003684
lo0197,single,lookup,address,What is the address on the AEON CO. (M) BHD receipt from 17 June 2018?,"3RD FLR, AEON TAMAN MALURI SC JLN JEJAKA, TAMAN MALURI CHERAS, 55100 KUALA LUMPUR",D · agent,"3RD FLR, AEON TAMAN MALURI SC JLN JEJAKA, TAMAN MALURI CHERAS, 55100 KUALA LUMPUR",True,,1979,0.003696
lo0198,single,lookup,total,How much was the receipt from CONTENTO on 20 March 2018?,21.60,D · agent,21.60,True,,1079,0.003364
lo0199,single,lookup,total,How much was the receipt from CHA FOR TEA on 19 April 2018?,46.25,D · agent,46.25,True,,1128,0.003412
ag0200,single,aggregate,sum_total,How much did I spend at GERBANG ALAF RESTAURANTS SDN BHD in total?,262.20,D · agent,262.20,True,,1137,0.003412
ag0201,single,aggregate,count,How many receipts do I have from GERBANG ALAF RESTAURANTS SDN BHD?,7,D · agent,5,False,,942,0.004128
ag0202,single,aggregate,max_total,What was my largest single purchase at GERBANG ALAF RESTAURANTS SDN BHD?,109.05,D · agent,109.05,True,,2123,0.005688
ag0203,single,aggregate,sum_total,How much did I spend at SWC ENTERPRISE SDN BHD in total?,16.20,D · agent,16.20,True,,1015,0.003344
ag0204,single,aggregate,count,How many receipts do I have from SWC ENTERPRISE SDN BHD?,3,D · agent,3,True,,1579,0.006292
ag0205,single,aggregate,max_total,What was my largest single purchase at SWC ENTERPRISE SDN BHD?,8.00,D · agent,8.00,True,,1823,0.005528
ag0206,single,aggregate,sum_total,How much did I spend at 99 SPEED MART S/B in total?,779.15,D · agent,779.15,True,,1033,0.003332
ag0207,single,aggregate,count,How many receipts do I have from 99 SPEED MART S/B?,13,D · agent,13,True,,2223,0.007164
ag0208,single,aggregate,max_total,What was my largest single purchase at 99 SPEED MART S/B?,262.20,D · agent,262.2,True,,1929,0.005528
ag0209,single,aggregate,sum_total,How much did I spend at UNIHAKKA INTERNATIONAL SDN BHD in total?,228.90,D · agent,228.90,True,,1103,0.003404
ag0210,single,aggregate,count,How many receipts do I have from UNIHAKKA INTERNATIONAL SDN BHD?,28,D · agent,5,False,,934,0.004108
ag0211,single,aggregate,max_total,What was my largest single purchase at UNIHAKKA INTERNATIONAL SDN BHD?,12.20,D · agent,12.2,True,,2002,0.005632
ag0212,single,aggregate,sum_total,How much did I spend at PASARAYA BORONG PINTAR SDN BHD in total?,15.35,D · agent,15.35,True,,1111,0.003392
ag0213,single,aggregate,count,How many receipts do I have from PASARAYA BORONG PINTAR SDN BHD?,5,D · agent,5,True,,2263,0.007168
ag0214,single,aggregate,max_total,What was my largest single purchase at PASARAYA BORONG PINTAR SDN BHD?,10.40,D · agent,10.4,True,,2047,0.00562
ag0215,single,aggregate,sum_total,How much did I spend at POPULAR BOOK CO. (M) SDN BHD in total?,227.00,D · agent,86.35,False,,1091,0.003376
ag0216,single,aggregate,count,How many receipts do I have from POPULAR BOOK CO. (M) SDN BHD?,6,D · agent,5,False,,958,0.004104
ag0217,single,aggregate,max_total,What was my largest single purchase at POPULAR BOOK CO. (M) SDN BHD?,140.65,D · agent,30.70,False,,2036,0.00558
ag0218,single,aggregate,sum_total,How much did I spend at HON HWA HARDWARE TRADING in total?,42.20,D · agent,42.20,True,,1018,0.003352
ag0219,single,aggregate,count,How many receipts do I have from HON HWA HARDWARE TRADING?,4,D · agent,4,True,,883,0.003908
ag0220,single,aggregate,max_total,What was my largest single purchase at HON HWA HARDWARE TRADING?,19.60,D · agent,19.60,True,,2845,0.00986
ag0221,single,aggregate,sum_total,How much did I spend at AEON CO. (M) BHD in total?,870.55,D · agent,723.10,False,,995,0.003316
ag0222,single,aggregate,count,How many receipts do I have from AEON CO. (M) BHD?,9,D · agent,5,False,,895,0.004032
ag0223,single,aggregate,max_total,What was my largest single purchase at AEON CO. (M) BHD?,458.55,D · agent,458.55,True,,2945,0.010236
ag0224,single,aggregate,sum_total,How much did I spend at LIM SENG THO HARDWARE TRADING in total?,25.90,D · agent,25.90,True,,1109,0.003392
ag0225,single,aggregate,count,How many receipts do I have from LIM SENG THO HARDWARE TRADING?,3,D · agent,3,True,,938,0.00382
ag0226,single,aggregate,max_total,What was my largest single purchase at LIM SENG THO HARDWARE TRADING?,10.50,D · agent,10.50,True,,1954,0.006548
ag0227,single,aggregate,sum_total,How much did I spend at SYARIKAT PERNIAGAAN GIN KEE in total?,822.35,D · agent,822.35,True,,1138,0.003388
ag0228,single,aggregate,count,How many receipts do I have from SYARIKAT PERNIAGAAN GIN KEE?,11,D · agent,5,False,,951,0.004084
ag0229,single,aggregate,max_total,What was my largest single purchase at SYARIKAT PERNIAGAAN GIN KEE?,190.80,D · agent,190.80,True,,2111,0.0071
ag0230,single,aggregate,sum_total,How much did I spend at WESTERN EASTERN STATIONERY SDN. BHD in total?,57.72,D · agent,57.72,True,,1113,0.003424
ag0231,single,aggregate,count,How many receipts do I have from WESTERN EASTERN STATIONERY SDN. BHD?,3,D · agent,3,True,,926,0.00378
ag0232,single,aggregate,max_total,What was my largest single purchase at WESTERN EASTERN STATIONERY SDN. BHD?,42.88,D · agent,42.88,True,,2025,0.005664
ag0233,single,aggregate,sum_total,How much did I spend at RESTORAN WAN SHENG in total?,92.30,D · agent,92.30,True,,1012,0.00332
ag0234,single,aggregate,count,How many receipts do I have from RESTORAN WAN SHENG?,14,D · agent,14,True,,1591,0.006852
ag0235,single,aggregate,max_total,What was my largest single purchase at RESTORAN WAN SHENG?,17.60,D · agent,9.6,False,,1296,0.004176
ag0236,single,aggregate,sum_total,How much did I spend at KEDAI PAPAN YEW CHUAN in total?,1391.25,D · agent,1391.25,True,,1100,0.003356
ag0237,single,aggregate,count,How many receipts do I have from KEDAI PAPAN YEW CHUAN?,8,D · agent,5,False,,894,0.00398
ag0238,single,aggregate,max_total,What was my largest single purchase at KEDAI PAPAN YEW CHUAN?,312.70,D · agent,283.55,False,,1174,0.00412
ag0239,single,aggregate,sum_total,How much did I spend at YONG CEN ENTERPRISE in total?,258.50,D · agent,257.50,True,,1007,0.00334
ag0240,single,aggregate,count,How many receipts do I have from YONG CEN ENTERPRISE?,4,D · agent,4,True,,998,0.00392
ag0241,single,aggregate,max_total,What was my largest single purchase at YONG CEN ENTERPRISE?,108.00,D · agent,108.00,True,,1867,0.006616
ag0242,single,aggregate,sum_total,How much did I spend at SUPER SEVEN CASH & CARRY SDN BHD in total?,527.85,D · agent,119.40,False,,1283,0.003412
ag0243,single,aggregate,count,How many receipts do I have from SUPER SEVEN CASH & CARRY SDN BHD?,4,D · agent,3,False,,995,0.003908
ag0244,single,aggregate,max_total,What was my largest single purchase at SUPER SEVEN CASH & CARRY SDN BHD?,408.45,D · agent,59.00,False,,2065,0.005676
ag0245,single,aggregate,sum_total,How much did I spend at SEGI CASH & CARRY SDN. BHD. in total?,929.65,D · agent,929.65,True,,1263,0.003388
ag0246,single,aggregate,count,How many receipts do I have from SEGI CASH & CARRY SDN. BHD.?,4,D · agent,4,True,,1188,0.003936
ag0247,single,aggregate,max_total,What was my largest single purchase at SEGI CASH & CARRY SDN. BHD.?,674.00,D · agent,674.00,True,,2034,0.005548
ag0248,single,aggregate,sum_total,How much did I spend at GUARDIAN HEALTH AND BEAUTY SDN BHD in total?,140.61,D · agent,140.61,True,,1136,0.003432
ag0249,single,aggregate,count,How many receipts do I have from GUARDIAN HEALTH AND BEAUTY SDN BHD?,3,D · agent,3,True,,1003,0.003808
ag0250,single,aggregate,max_total,What was my largest single purchase at GUARDIAN HEALTH AND BEAUTY SDN BHD?,108.21,D · agent,108.21,True,,2128,0.005708
ag0251,single,aggregate,sum_total,How much did I spend at MR. D.I.Y. (M) SDN BHD in total?,363.80,D · agent,451.60,False,,1133,0.00336
ag0252,single,aggregate,count,How many receipts do I have from MR. D.I.Y. (M) SDN BHD?,12,D · agent,17,False,,2258,0.007036
ag0253,single,aggregate,max_total,What was my largest single purchase at MR. D.I.Y. (M) SDN BHD?,96.90,D · agent,96.9,True,,2514,0.005556
ag0254,single,aggregate,sum_total,How much did I spend at PRINT EXPERT SDN BHD in total?,550.35,D · agent,550.35,True,,1001,0.003344
ag0255,single,aggregate,count,How many receipts do I have from PRINT EXPERT SDN BHD?,3,D · agent,3,True,,839,0.003712
ag0256,single,aggregate,max_total,What was my largest single purchase at PRINT EXPERT SDN BHD?,226.60,D · agent,226.60,True,,1833,0.005508
ag0257,single,aggregate,sum_total,How much did I spend at KING'S CONFECTIONERY S/B in total?,114.60,D · agent,114.60,True,,1062,0.003364
ag0258,single,aggregate,count,How many receipts do I have from KING'S CONFECTIONERY S/B?,4,D · agent,4,True,,1042,0.004056
ag0259,single,aggregate,max_total,What was my largest single purchase at KING'S CONFECTIONERY S/B?,70.00,D · agent,70.0,True,,1884,0.00552
ag0260,single,aggregate,sum_total,How much did I spend at BEMED (SP) SDN. BHD. in total?,841.70,D · agent,841.70,True,,990,0.003292
ag0261,single,aggregate,count,How many receipts do I have from BEMED (SP) SDN. BHD.?,4,D · agent,4,True,,1052,0.00402
ag0262,single,aggregate,max_total,What was my largest single purchase at BEMED (SP) SDN. BHD.?,308.70,D · agent,308.70,True,,1968,0.006812
ag0263,single,aggregate,sum_total,How much did I spend at GARDENIA BAKERIES (KL) SDN BHD in total?,1104.55,D · agent,1104.55,True,,1167,0.003408
ag0264,single,aggregate,count,How many receipts do I have from GARDENIA BAKERIES (KL) SDN BHD?,31,D · agent,31,True,,1923,0.006996
ag0265,single,aggregate,max_total,What was my largest single purchase at GARDENIA BAKERIES (KL) SDN BHD?,84.78,D · agent,84.78,True,,2119,0.005612
ag0266,single,aggregate,sum_total,How much did I spend at YIN MA (M) SDN.BHD. in total?,52.60,D · agent,52.60,True,,981,0.003276
ag0267,single,aggregate,count,How many receipts do I have from YIN MA (M) SDN.BHD.?,3,D · agent,3,True,,2031,0.006128
ag0268,single,aggregate,max_total,What was my largest single purchase at YIN MA (M) SDN.BHD.?,32.70,D · agent,32.70,True,,1995,0.006364
ag0269,single,aggregate,sum_total,How much did I spend at KEDAI UBAT & RUNCIT HONG NING SDN. BHD. in total?,738.65,D · agent,738.65,True,,1280,0.00346
ag0270,single,aggregate,count,How many receipts do I have from KEDAI UBAT & RUNCIT HONG NING SDN. BHD.?,4,D · agent,4,True,,2253,0.007012
ag0271,single,aggregate,max_total,What was my largest single purchase at KEDAI UBAT & RUNCIT HONG NING SDN. BHD.?,676.00,D · agent,676.00,True,,1601,0.004356
ag0272,single,aggregate,sum_total,How much did I spend at MR. D.I.Y. (KUCHAI) SDN BHD in total?,87.80,D · agent,451.60,False,,1244,0.003392
ag0273,single,aggregate,count,How many receipts do I have from MR. D.I.Y. (KUCHAI) SDN BHD?,5,D · agent,17,False,,3063,0.009976
ag0274,single,aggregate,max_total,What was my largest single purchase at MR. D.I.Y. (KUCHAI) SDN BHD?,34.40,D · agent,96.9,False,,2174,0.005608
ag0275,single,aggregate,sum_total,How much did I spend at SANYU STATIONERY SHOP in total?,99.50,D · agent,99.50,True,,1011,0.003344
ag0276,single,aggregate,count,How many receipts do I have from SANYU STATIONERY SHOP?,13,D · agent,13,True,,1541,0.006812
ag0277,single,aggregate,max_total,What was my largest single purchase at SANYU STATIONERY SHOP?,21.90,D · agent,21.9,True,,1908,0.0055
ag0278,single,aggregate,sum_total,How much did I spend at MOONLIGHT CAKE HOUSE SDN BHD in total?,59.40,D · agent,59.40,True,,1066,0.003376
ag0279,single,aggregate,count,How many receipts do I have from MOONLIGHT CAKE HOUSE SDN BHD?,3,D · agent,3,True,,919,0.003804
ag0280,single,aggregate,max_total,What was my largest single purchase at MOONLIGHT CAKE HOUSE SDN BHD?,28.20,D · agent,28.2,True,,1935,0.005592
ag0281,single,aggregate,sum_year,How much did I spend in total during 2016?,2267.75,D · agent,1868.39,False,,933,0.003232
ag0282,single,aggregate,count_year,How many receipts do I have from 2016?,31,D · agent,30,False,,763,0.00316
ag0283,single,aggregate,sum_year,How much did I spend in total during 2017?,6199.66,D · agent,6058.01,False,,860,0.00318
ag0284,single,aggregate,count_year,How many receipts do I have from 2017?,105,D · agent,104,False,,761,0.00316
ag0285,single,aggregate,sum_year,How much did I spend in total during 2018?,12500.91,D · agent,11913.94,False,,876,0.00318
ag0286,single,aggregate,count_year,How many receipts do I have from 2018?,203,D · agent,200,False,,799,0.00316
co000,multistep,compare,compare,Did I spend more at MR. D.I.Y. (M) or RESTORAN WAN SHENG?,MR. D.I.Y. (M),B · router,NOT_FOUND,False,sql,1097,0.0
co001,multistep,compare,compare,Did I spend more at YONG CEN ENTERPRISE or MOONLIGHT CAKE HOUSE?,YONG CEN ENTERPRISE,B · router,NOT_FOUND,False,sql,477,0.0
co002,multistep,compare,compare,Did I spend more at WESTERN EASTERN STATIONERY or LIM SENG THO HARDWARE TRADING?,WESTERN EASTERN STATIONERY,B · router,NOT_FOUND,False,vector,938,0.0
co003,multistep,compare,compare,Did I spend more at PRINT EXPERT or SANYU STATIONERY SHOP?,PRINT EXPERT,B · router,NOT_FOUND,False,sql,435,0.0
co004,multistep,compare,compare,Did I spend more at AEON CO or Gerbang Alaf Restaurants?,AEON CO,B · router,262.20,False,sql,404,0.0
co005,multistep,compare,compare,Did I spend more at WESTERN EASTERN STATIONERY or HON HWA HARDWARE TRADING?,WESTERN EASTERN STATIONERY,B · router,NOT_FOUND,False,vector,889,0.0
co006,multistep,compare,compare,Did I spend more at POPULAR BOOK CO. (M) or LIM SENG THO HARDWARE TRADING?,POPULAR BOOK CO. (M),B · router,86.35,False,sql,377,0.0
co007,multistep,compare,compare,Did I spend more at KEDAI UBAT & RUNCIT HONG NING or UNIHAKKA INTERNATIONAL?,KEDAI UBAT & RUNCIT HONG NING,B · router,NOT_FOUND,False,sql,548,0.0
co008,multistep,compare,compare,Did I spend more at KEDAI UBAT & RUNCIT HONG NING or SANYU STATIONERY SHOP?,KEDAI UBAT & RUNCIT HONG NING,B · router,NOT_FOUND,False,sql,578,0.0
co009,multistep,compare,compare,Did I spend more at BEMED (SP) or PRINT EXPERT?,BEMED (SP),B · router,NOT_FOUND,False,sql,404,0.0
co010,multistep,compare,compare,Did I spend more at SYARIKAT PERNIAGAAN GIN KEE or WESTERN EASTERN STATIONERY?,SYARIKAT PERNIAGAAN GIN KEE,B · router,NOT_FOUND,False,sql,592,0.0
co011,multistep,compare,compare,Did I spend more at MR. D.I.Y. (M) or YIN MA (M) SDN.BHD?,MR. D.I.Y. (M),B · router,NOT_FOUND,False,sql,565,0.0
co012,multistep,compare,compare,Did I spend more at YONG CEN ENTERPRISE or SWC ENTERPRISE?,YONG CEN ENTERPRISE,B · router,NOT_FOUND,False,sql,461,0.0
co013,multistep,compare,compare,Do I have more receipts from AEON CO or LIM SENG THO HARDWARE TRADING?,AEON CO,B · router,3,False,sql,481,0.0
co014,multistep,compare,compare,Do I have more receipts from KING'S CONFECTIONERY or LIM SENG THO HARDWARE TRADING?,KING'S CONFECTIONERY,B · router,NOT_FOUND,False,sql,531,0.0
co015,multistep,compare,compare,Do I have more receipts from GARDENIA BAKERIES (KL) or MOONLIGHT CAKE HOUSE?,GARDENIA BAKERIES (KL),B · router,NOT_FOUND,False,sql,517,0.0
co016,multistep,compare,compare,Do I have more receipts from PRINT EXPERT or RESTORAN WAN SHENG?,RESTORAN WAN SHENG,B · router,NOT_FOUND,False,sql,417,0.0
co017,multistep,compare,compare,Do I have more receipts from PRINT EXPERT or MR. D.I.Y. (M)?,MR. D.I.Y. (M),B · router,NOT_FOUND,False,sql,418,0.0
ra018,multistep,rank,rank,Which vendor did I spend the most with?,KEDAI PAPAN YEW CHUAN,B · router,NOT_FOUND,False,sql,287,0.0
ra019,multistep,rank,rank,Which vendor do I have the most receipts from?,GARDENIA BAKERIES (KL),B · router,NOT_FOUND,False,sql,288,0.0
ra020,multistep,rank,rank,What are my top three vendors by total spend?,KEDAI PAPAN YEW CHUAN; GARDENIA BAKERIES (KL); Segi Cash & Carry,B · router,NOT_FOUND,False,sql,288,0.0
ex021,multistep,extreme,extreme,What was my biggest single purchase in 2017?,848.00,B · router,NOT_FOUND,False,sql,330,0.0
ex022,multistep,extreme,extreme,Which vendor did I make my biggest 2017 purchase from?,KOH SENG HARDWARE,B · router,NOT_FOUND,False,sql,331,0.0
ex023,multistep,extreme,extreme,What was my biggest single purchase in 2018?,750.00,B · router,NOT_FOUND,False,sql,330,0.0
ex024,multistep,extreme,extreme,Which vendor did I make my biggest 2018 purchase from?,FLORISM DE ART,B · router,NOT_FOUND,False,sql,336,0.0
ex025,multistep,extreme,extreme,What is my average receipt value?,60.08,B · router,NOT_FOUND,False,sql,270,0.0
ch026,multistep,chain,chain,What is the address of the vendor I spent 181.55 with on 19/02/2018?,"LOT F355/356/357,FIRST FLOOR, RAINFOREST,1 UTAMA SHOPPING CENTRE, LEBUH BANDAR UTAMA, 47800 PETALING JAYA",B · router,NOT_FOUND,False,vector,609,0.0
ch027,multistep,chain,chain,What is the address of the vendor I spent 393.00 with on 22/08/2017?,"NO.2, JALAN METRO PERDANA TIMUR 11, KEPONG ENTERPRENUERS PARK, OFF JALAN KEPONG, 52100 KUALA LUMPUR",B · router,NOT_FOUND,False,vector,608,0.0
ch028,multistep,chain,chain,What is the address of the vendor I spent 436.20 with on 09/02/2018?,NO.59 JALAN PERMAS 9/6 BANDAR BARU PERMAS JAYA 81750 JOHOR BAHRU,B · router,NOT_FOUND,False,vector,585,0.0
ch029,multistep,chain,chain,What is the address of the vendor I spent 412.90 with on 01/05/2018?,"KM 4, Jln Ampang, Hulu Langat, 68000 Amapng, Selangor.",B · router,NOT_FOUND,False,vector,610,0.0
ch030,multistep,chain,chain,What is the address of the vendor I spent 170.00 with on 02/01/2019?,"NO 2 & 4, JALAN BAYU 4, BANDAR SERI ALAM, 81750 MASAI, JOHOR",B · router,NOT_FOUND,False,vector,609,0.0
ch031,multistep,chain,chain,What is the address of the vendor I spent 278.80 with on 20/11/2017?,"NO: 28, JALAN ASTANA 1C, BANDAR BUKIT RAJA, 41050 KLANG SELANGOR D.E, MALAYSIA",B · router,NOT_FOUND,False,vector,611,0.0
ch032,multistep,chain,chain,"On what date did I make my purchase of 190.00 from SYARIKAT KAM LAI SEONG, and what was that shop's address?","08/03/2018; NO. 1442, JALAN SK 11/5, SERI KEMBANGAN 43300 SELANGOR",B · router,NOT_FOUND,False,vector,891,0.0
ch033,multistep,chain,chain,"On what date did I make my purchase of 150.00 from MODERN DEPOT, and what was that shop's address?","04/12/2016; NO.19, PT18685, JALAN JAMBU MELAKA 2, JINJANG SELATAN, KEPONG.",B · router,"04/12/2016
NO.19, PT18685, JALAN JAMBU MELAKA 2, JINJANG SELATAN, KEPONG.",True,vector,1490,0.0
ch034,multistep,chain,chain,"On what date did I make my purchase of 133.70 from B.I.G.- Ben's Independent Grocer, and what was that shop's address?","09/03/2018; Lot 6, Jalan Batai, Plaza Batai, Damansara Heights 50490, Kuala Lumpur",B · router,NOT_FOUND,False,vector,837,0.0
ch035,multistep,chain,chain,"On what date did I make my purchase of 308.70 from BEMED (SP), and what was that shop's address?","27/03/2018; NO.19,JALAI DIBAR G U3,G, SIBANG PERDATA, 40150 SLAT ALAM,SEBIGOR D.E.",B · router,NOT_FOUND,False,vector,819,0.0
co000,multistep,compare,compare,Did I spend more at MR. D.I.Y. (M) or RESTORAN WAN SHENG?,MR. D.I.Y. (M),D · agent,MR. D.I.Y. (M),True,agent,1912,0.00528
co001,multistep,compare,compare,Did I spend more at YONG CEN ENTERPRISE or MOONLIGHT CAKE HOUSE?,YONG CEN ENTERPRISE,D · agent,YONG CEN ENTERPRISE,True,agent,1646,0.005352
co002,multistep,compare,compare,Did I spend more at WESTERN EASTERN STATIONERY or LIM SENG THO HARDWARE TRADING?,WESTERN EASTERN STATIONERY,D · agent,WESTERN EASTERN STATIONERY,True,agent,3071,0.006096
co003,multistep,compare,compare,Did I spend more at PRINT EXPERT or SANYU STATIONERY SHOP?,PRINT EXPERT,D · agent,PRINT EXPERT,True,agent,3140,0.006128
co004,multistep,compare,compare,Did I spend more at AEON CO or Gerbang Alaf Restaurants?,AEON CO,D · agent,AEON CO,True,agent,1468,0.005248
co005,multistep,compare,compare,Did I spend more at WESTERN EASTERN STATIONERY or HON HWA HARDWARE TRADING?,WESTERN EASTERN STATIONERY,D · agent,WESTERN EASTERN STATIONERY,True,agent,2490,0.005752
co006,multistep,compare,compare,Did I spend more at POPULAR BOOK CO. (M) or LIM SENG THO HARDWARE TRADING?,POPULAR BOOK CO. (M),D · agent,POPULAR BOOK CO. (M),True,agent,2010,0.00542
co007,multistep,compare,compare,Did I spend more at KEDAI UBAT & RUNCIT HONG NING or UNIHAKKA INTERNATIONAL?,KEDAI UBAT & RUNCIT HONG NING,D · agent,KEDAI UBAT & RUNCIT HONG NING,True,agent,2499,0.005472
co008,multistep,compare,compare,Did I spend more at KEDAI UBAT & RUNCIT HONG NING or SANYU STATIONERY SHOP?,KEDAI UBAT & RUNCIT HONG NING,D · agent,KEDAI UBAT & RUNCIT HONG NING,True,agent,2496,0.005472
co009,multistep,compare,compare,Did I spend more at BEMED (SP) or PRINT EXPERT?,BEMED (SP),D · agent,BEMED (SP),True,agent,1472,0.005196
co010,multistep,compare,compare,Did I spend more at SYARIKAT PERNIAGAAN GIN KEE or WESTERN EASTERN STATIONERY?,SYARIKAT PERNIAGAAN GIN KEE,D · agent,SYARIKAT PERNIAGAAN GIN KEE,True,agent,1934,0.00548
co011,multistep,compare,compare,Did I spend more at MR. D.I.Y. (M) or YIN MA (M) SDN.BHD?,MR. D.I.Y. (M),D · agent,MR. D.I.Y. (M),True,agent,1886,0.00528
co012,multistep,compare,compare,Did I spend more at YONG CEN ENTERPRISE or SWC ENTERPRISE?,YONG CEN ENTERPRISE,D · agent,YONG CEN ENTERPRISE,True,agent,1629,0.005308
co013,multistep,compare,compare,Do I have more receipts from AEON CO or LIM SENG THO HARDWARE TRADING?,AEON CO,D · agent,AEON CO,True,agent,2288,0.005656
co014,multistep,compare,compare,Do I have more receipts from KING'S CONFECTIONERY or LIM SENG THO HARDWARE TRADING?,KING'S CONFECTIONERY,D · agent,KING'S CONFECTIONERY,True,agent,1765,0.005456
co015,multistep,compare,compare,Do I have more receipts from GARDENIA BAKERIES (KL) or MOONLIGHT CAKE HOUSE?,GARDENIA BAKERIES (KL),D · agent,GARDENIA BAKERIES (KL),True,agent,1783,0.005408
co016,multistep,compare,compare,Do I have more receipts from PRINT EXPERT or RESTORAN WAN SHENG?,RESTORAN WAN SHENG,D · agent,RESTORAN WAN SHENG,True,agent,3111,0.00614
co017,multistep,compare,compare,Do I have more receipts from PRINT EXPERT or MR. D.I.Y. (M)?,MR. D.I.Y. (M),D · agent,MR. D.I.Y. (M),True,agent,1640,0.005276
ra018,multistep,rank,rank,Which vendor did I spend the most with?,KEDAI PAPAN YEW CHUAN,D · agent,KEDAI PAPAN YEW CHUAN,True,agent,948,0.003256
ra019,multistep,rank,rank,Which vendor do I have the most receipts from?,GARDENIA BAKERIES (KL),D · agent,GARDENIA BAKERIES (KL) SDN BHD,True,agent,1038,0.003316
ra020,multistep,rank,rank,What are my top three vendors by total spend?,KEDAI PAPAN YEW CHUAN; GARDENIA BAKERIES (KL); Segi Cash & Carry,D · agent,"['KEDAI PAPAN YEW CHUAN', 'GARDENIA BAKERIES (KL) SDN BHD', 'Segi Cash & Carry Sdn. Bhd.']",True,agent,1595,0.003632
ex021,multistep,extreme,extreme,What was my biggest single purchase in 2017?,848.00,D · agent,848.0,True,agent,1442,0.005092
ex022,multistep,extreme,extreme,Which vendor did I make my biggest 2017 purchase from?,KOH SENG HARDWARE,D · agent,KOH SENG HARDWARE,True,agent,1471,0.00516
ex023,multistep,extreme,extreme,What was my biggest single purchase in 2018?,750.00,D · agent,FLORISM DE ART,False,agent,1477,0.005172
ex024,multistep,extreme,extreme,Which vendor did I make my biggest 2018 purchase from?,FLORISM DE ART,D · agent,FLORISM DE ART,True,agent,1436,0.005196
ex025,multistep,extreme,extreme,What is my average receipt value?,60.08,D · agent,60.08,True,agent,843,0.0032
ch026,multistep,chain,chain,What is the address of the vendor I spent 181.55 with on 19/02/2018?,"LOT F355/356/357,FIRST FLOOR, RAINFOREST,1 UTAMA SHOPPING CENTRE, LEBUH BANDAR UTAMA, 47800 PETALING JAYA",D · agent,"LOT F355/356/357,FIRST FLOOR, RAINFOREST,1 UTAMA SHOPPING CENTRE, LEBUH BANDAR UTAMA, 47800 PETALING JAYA",True,agent,2294,0.003796
ch027,multistep,chain,chain,What is the address of the vendor I spent 393.00 with on 22/08/2017?,"NO.2, JALAN METRO PERDANA TIMUR 11, KEPONG ENTERPRENUERS PARK, OFF JALAN KEPONG, 52100 KUALA LUMPUR",D · agent,"NO.2, JALAN METRO PERDANA TIMUR 11, KEPONG ENTERPRENUERS PARK, OFF JALAN KEPONG, 52100 KUALA LUMPUR",True,agent,2169,0.00378
ch028,multistep,chain,chain,What is the address of the vendor I spent 436.20 with on 09/02/2018?,NO.59 JALAN PERMAS 9/6 BANDAR BARU PERMAS JAYA 81750 JOHOR BAHRU,D · agent,NO.59 JALAN PERMAS 9/6 BANDAR BARU PERMAS JAYA 81750 JOHOR BAHRU,True,agent,1837,0.003636
ch029,multistep,chain,chain,What is the address of the vendor I spent 412.90 with on 01/05/2018?,"KM 4, Jln Ampang, Hulu Langat, 68000 Amapng, Selangor.",D · agent,"KM 4, Jln Ampang, Hulu Langat, 68000 Amapng, Selangor.",True,agent,1669,0.003604
ch030,multistep,chain,chain,What is the address of the vendor I spent 170.00 with on 02/01/2019?,"NO 2 & 4, JALAN BAYU 4, BANDAR SERI ALAM, 81750 MASAI, JOHOR",D · agent,"NO 2 & 4, JALAN BAYU 4, BANDAR SERI ALAM, 81750 MASAI, JOHOR",True,agent,1841,0.00362
ch031,multistep,chain,chain,What is the address of the vendor I spent 278.80 with on 20/11/2017?,"NO: 28, JALAN ASTANA 1C, BANDAR BUKIT RAJA, 41050 KLANG SELANGOR D.E, MALAYSIA",D · agent,"NO: 28, JALAN ASTANA 1C, BANDAR BUKIT RAJA, 41050 KLANG SELANGOR D.E, MALAYSIA",True,agent,2101,0.0039
ch032,multistep,chain,chain,"On what date did I make my purchase of 190.00 from SYARIKAT KAM LAI SEONG, and what was that shop's address?","08/03/2018; NO. 1442, JALAN SK 11/5, SERI KEMBANGAN 43300 SELANGOR",D · agent,"08/03/2018, NO. 1442, JALAN SK 11/5, SERI KEMBANGAN 43300 SELANGOR",True,agent,1878,0.003724
ch033,multistep,chain,chain,"On what date did I make my purchase of 150.00 from MODERN DEPOT, and what was that shop's address?","04/12/2016; NO.19, PT18685, JALAN JAMBU MELAKA 2, JINJANG SELATAN, KEPONG.",D · agent,"04/12/2016, NO.19, PT18685, JALAN JAMBU MELAKA 2, JINJANG SELATAN, KEPONG.",True,agent,1903,0.003696
ch034,multistep,chain,chain,"On what date did I make my purchase of 133.70 from B.I.G.- Ben's Independent Grocer, and what was that shop's address?","09/03/2018; Lot 6, Jalan Batai, Plaza Batai, Damansara Heights 50490, Kuala Lumpur",D · agent,"09/03/2018, Lot 6, Jalan Batai, Plaza Batai, Damansara Heights 50490, Kuala Lumpur",True,agent,2054,0.00386
ch035,multistep,chain,chain,"On what date did I make my purchase of 308.70 from BEMED (SP), and what was that shop's address?","27/03/2018; NO.19,JALAI DIBAR G U3,G, SIBANG PERDATA, 40150 SLAT ALAM,SEBIGOR D.E.",D · agent,"27/03/2018, NO.19,JALAI DIBAR G U3,G, SIBANG PERDATA, 40150 SLAT ALAM,SEBIGOR D.E.",True,agent,2032,0.003708
